Year,SERIES,Reference area,UNIT_MEASURE,Value
2016,1.3.1 Proportion of the poor and the vulnerable received social emergency relief services,,Percent,2.32
2017,1.3.1 Proportion of the poor and the vulnerable received social emergency relief services,,Percent,3.79
2018,1.3.1 Proportion of the poor and the vulnerable received social emergency relief services,,Percent,3.67
2019,1.3.1 Proportion of the poor and the vulnerable received social emergency relief services,,Percent,3.54
2020,1.3.1 Proportion of the poor and the vulnerable received social emergency relief services,,Percent,3.43
