Year,SERIES,Reference area,UNIT_MEASURE,GeoCode,Value
2015,14.1.1 Percentage of the reduction of the sea pollution by the conservation activities,,Percent,,40
2016,14.1.1 Percentage of the reduction of the sea pollution by the conservation activities,,Percent,,40
2017,14.1.1 Percentage of the reduction of the sea pollution by the conservation activities,,Percent,,40
2018,14.1.1 Percentage of the reduction of the sea pollution by the conservation activities,,Percent,,40
2019,14.1.1 Percentage of the reduction of the sea pollution by the conservation activities,,Percent,,40
2020,14.1.1 Percentage of the reduction of the sea pollution by the conservation activities,,Percent,,50
