Year,SERIES,Reference area,UNIT_MEASURE,Value
2000,"3.4.2 Incidence of tuberculosis per 100,000 population",,"Per 1,000 population",254
2005,"3.4.2 Incidence of tuberculosis per 100,000 population",,"Per 1,000 population",175
2010,"3.4.2 Incidence of tuberculosis per 100,000 population",,"Per 1,000 population",125
2015,"3.4.2 Incidence of tuberculosis per 100,000 population",,"Per 1,000 population",380
2016,"3.4.2 Incidence of tuberculosis per 100,000 population",,"Per 1,000 population",365
2017,"3.4.2 Incidence of tuberculosis per 100,000 population",,"Per 1,000 population",350
2018,"3.4.2 Incidence of tuberculosis per 100,000 population",,"Per 1,000 population",336
2019,"3.4.2 Incidence of tuberculosis per 100,000 population",,"Per 1,000 population",323
2020,"3.4.2 Incidence of tuberculosis per 100,000 population",,"Per 1,000 population",281
