Year,SERIES,Reference area,UNIT_MEASURE,Value
2015,3.9.2 Government Current expenditure on health as % of GDP),,Percent,1.24
2016,3.9.2 Government Current expenditure on health as % of GDP),,Percent,1.5
2017,3.9.2 Government Current expenditure on health as % of GDP),,Percent,1.75
2018,3.9.2 Government Current expenditure on health as % of GDP),,Percent,2.0
2019,3.9.2 Government Current expenditure on health as % of GDP),,Percent,2.0
2020,3.9.2 Government Current expenditure on health as % of GDP),,Percent,2.0
