Year,SERIES,Reference area,Sex,Age,UNIT_MEASURE,GeoCode,Value
2015,3.a.1 Age-standardized prevalence of current tobacco use among persons aged 15 years and older,,Female,15 years old and over,Percent,,15.0
2020,3.a.1 Age-standardized prevalence of current tobacco use among persons aged 15 years and older,,Female,15 years old and over,Percent,,13.7
2015,3.a.1 Age-standardized prevalence of current tobacco use among persons aged 15 years and older,,Male,15 years old and over,Percent,,40.0
2020,3.a.1 Age-standardized prevalence of current tobacco use among persons aged 15 years and older,,Male,15 years old and over,Percent,,34.6
