Year,SERIES,តំបន់យោង,UNIT_MEASURE,GeoCode,Value
2016,១.៣.១ សមាមាត្រនៃជនក្រីក្រ និងជនងាយរងគ្រោះដែលទទួលបានសេវាសង្រ្គោះសង្គម,,ភាគរយ,,2.32
2017,១.៣.១ សមាមាត្រនៃជនក្រីក្រ និងជនងាយរងគ្រោះដែលទទួលបានសេវាសង្រ្គោះសង្គម,,ភាគរយ,,3.79
2018,១.៣.១ សមាមាត្រនៃជនក្រីក្រ និងជនងាយរងគ្រោះដែលទទួលបានសេវាសង្រ្គោះសង្គម,,ភាគរយ,,3.67
2019,១.៣.១ សមាមាត្រនៃជនក្រីក្រ និងជនងាយរងគ្រោះដែលទទួលបានសេវាសង្រ្គោះសង្គម,,ភាគរយ,,3.54
2020,១.៣.១ សមាមាត្រនៃជនក្រីក្រ និងជនងាយរងគ្រោះដែលទទួលបានសេវាសង្រ្គោះសង្គម,,ភាគរយ,,3.43
