Year,SERIES,តំបន់យោង,UNIT_MEASURE,Value
2015,១២.៤.២ ភាគរយនៃការកាត់បន្ថយការសាយភាយសារធាតុបារតសាយភាយចូលទៅក្នុងបរិស្ថាន,,ភាគរយ,0
2016,១២.៤.២ ភាគរយនៃការកាត់បន្ថយការសាយភាយសារធាតុបារតសាយភាយចូលទៅក្នុងបរិស្ថាន,,ភាគរយ,0
2017,១២.៤.២ ភាគរយនៃការកាត់បន្ថយការសាយភាយសារធាតុបារតសាយភាយចូលទៅក្នុងបរិស្ថាន,,ភាគរយ,0
2018,១២.៤.២ ភាគរយនៃការកាត់បន្ថយការសាយភាយសារធាតុបារតសាយភាយចូលទៅក្នុងបរិស្ថាន,,ភាគរយ,2
2019,១២.៤.២ ភាគរយនៃការកាត់បន្ថយការសាយភាយសារធាតុបារតសាយភាយចូលទៅក្នុងបរិស្ថាន,,ភាគរយ,3
2020,១២.៤.២ ភាគរយនៃការកាត់បន្ថយការសាយភាយសារធាតុបារតសាយភាយចូលទៅក្នុងបរិស្ថាន,,ភាគរយ,5
