Year,SERIES,តំបន់យោង,UNIT_MEASURE,GeoCode,Value
2016,១៤.២.២ ភាគរយនៃផ្ទៃដីព្រៃលិចទឹក និងព្រៃកោងកាង ដែលត្រូវបានដាំឡើងវិញនិងការពារ,,ភាគរយ,,7
2017,១៤.២.២ ភាគរយនៃផ្ទៃដីព្រៃលិចទឹក និងព្រៃកោងកាង ដែលត្រូវបានដាំឡើងវិញនិងការពារ,,ភាគរយ,,10
2018,១៤.២.២ ភាគរយនៃផ្ទៃដីព្រៃលិចទឹក និងព្រៃកោងកាង ដែលត្រូវបានដាំឡើងវិញនិងការពារ,,ភាគរយ,,15
2019,១៤.២.២ ភាគរយនៃផ្ទៃដីព្រៃលិចទឹក និងព្រៃកោងកាង ដែលត្រូវបានដាំឡើងវិញនិងការពារ,,ភាគរយ,,20
2020,១៤.២.២ ភាគរយនៃផ្ទៃដីព្រៃលិចទឹក និងព្រៃកោងកាង ដែលត្រូវបានដាំឡើងវិញនិងការពារ,,ភាគរយ,,25
