Year,SERIES,តំបន់យោង,UNIT_MEASURE,Value
2016,១៤.៧.១ ភាគរយនៃតម្លៃរបស់ផលិតផលជលផលនិងវារីវប្បកម្មសមុទ្រធៀបនឹង ផ.ស.ស.,,ភាគរយ,7.5
2017,១៤.៧.១ ភាគរយនៃតម្លៃរបស់ផលិតផលជលផលនិងវារីវប្បកម្មសមុទ្រធៀបនឹង ផ.ស.ស.,,ភាគរយ,7.6
2018,១៤.៧.១ ភាគរយនៃតម្លៃរបស់ផលិតផលជលផលនិងវារីវប្បកម្មសមុទ្រធៀបនឹង ផ.ស.ស.,,ភាគរយ,7.7
2019,១៤.៧.១ ភាគរយនៃតម្លៃរបស់ផលិតផលជលផលនិងវារីវប្បកម្មសមុទ្រធៀបនឹង ផ.ស.ស.,,ភាគរយ,7.8
2020,១៤.៧.១ ភាគរយនៃតម្លៃរបស់ផលិតផលជលផលនិងវារីវប្បកម្មសមុទ្រធៀបនឹង ផ.ស.ស.,,ភាគរយ,7.9
