Year,SERIES,តំបន់យោង,UNIT_MEASURE,GeoCode,Value
2016,១៥.១.២ ភាគរយនៃតំបន់ដែលមានជីវៈចម្រុះក្នុងទឹកនិងលើដីគោក ដែលគ្របដណ្តប់ដោយតំបន់ការពារនិងតំបន់អភិរក្សជលផល បែងចែកតាមប្រភេទនៃប្រព័ន្ធអេកូឡូស៊ី,,ភាគរយ,,10
2017,១៥.១.២ ភាគរយនៃតំបន់ដែលមានជីវៈចម្រុះក្នុងទឹកនិងលើដីគោក ដែលគ្របដណ្តប់ដោយតំបន់ការពារនិងតំបន់អភិរក្សជលផល បែងចែកតាមប្រភេទនៃប្រព័ន្ធអេកូឡូស៊ី,,ភាគរយ,,12
2018,១៥.១.២ ភាគរយនៃតំបន់ដែលមានជីវៈចម្រុះក្នុងទឹកនិងលើដីគោក ដែលគ្របដណ្តប់ដោយតំបន់ការពារនិងតំបន់អភិរក្សជលផល បែងចែកតាមប្រភេទនៃប្រព័ន្ធអេកូឡូស៊ី,,ភាគរយ,,15
2019,១៥.១.២ ភាគរយនៃតំបន់ដែលមានជីវៈចម្រុះក្នុងទឹកនិងលើដីគោក ដែលគ្របដណ្តប់ដោយតំបន់ការពារនិងតំបន់អភិរក្សជលផល បែងចែកតាមប្រភេទនៃប្រព័ន្ធអេកូឡូស៊ី,,ភាគរយ,,17
2020,១៥.១.២ ភាគរយនៃតំបន់ដែលមានជីវៈចម្រុះក្នុងទឹកនិងលើដីគោក ដែលគ្របដណ្តប់ដោយតំបន់ការពារនិងតំបន់អភិរក្សជលផល បែងចែកតាមប្រភេទនៃប្រព័ន្ធអេកូឡូស៊ី,,ភាគរយ,,20
