Year,SERIES,តំបន់យោង,UNIT_MEASURE,Value
2016,១៥.៥.១ ចំនួនផែនការសកម្មភាពសម្រាប់អភិរក្សប្រភេទសត្វព្រៃនិងរុក្ខជាតិជិតផុតពូជនិងមានដោយកម្រ ដែលត្រូវបានរៀបចំនិងអនុវត្ត,,ចំនួន,1
2017,១៥.៥.១ ចំនួនផែនការសកម្មភាពសម្រាប់អភិរក្សប្រភេទសត្វព្រៃនិងរុក្ខជាតិជិតផុតពូជនិងមានដោយកម្រ ដែលត្រូវបានរៀបចំនិងអនុវត្ត,,ចំនួន,4
2018,១៥.៥.១ ចំនួនផែនការសកម្មភាពសម្រាប់អភិរក្សប្រភេទសត្វព្រៃនិងរុក្ខជាតិជិតផុតពូជនិងមានដោយកម្រ ដែលត្រូវបានរៀបចំនិងអនុវត្ត,,ចំនួន,7
2019,១៥.៥.១ ចំនួនផែនការសកម្មភាពសម្រាប់អភិរក្សប្រភេទសត្វព្រៃនិងរុក្ខជាតិជិតផុតពូជនិងមានដោយកម្រ ដែលត្រូវបានរៀបចំនិងអនុវត្ត,,ចំនួន,10
2020,១៥.៥.១ ចំនួនផែនការសកម្មភាពសម្រាប់អភិរក្សប្រភេទសត្វព្រៃនិងរុក្ខជាតិជិតផុតពូជនិងមានដោយកម្រ ដែលត្រូវបានរៀបចំនិងអនុវត្ត,,ចំនួន,13
