Year,SERIES,តំបន់យោង,UNIT_MEASURE,Value
2015,១៧.៦.១ ភាគរយនៃប្រជាជន ដែលបានជាវអ៊ិនធើណែតអចល័តជាប្រចាំក្នុងចំណោមប្រជាជនសរុបបែងចែកតាមល្បឿននៃអ៊ិនធើណែត,,ភាគរយ,0.54
2016,១៧.៦.១ ភាគរយនៃប្រជាជន ដែលបានជាវអ៊ិនធើណែតអចល័តជាប្រចាំក្នុងចំណោមប្រជាជនសរុបបែងចែកតាមល្បឿននៃអ៊ិនធើណែត,,ភាគរយ,0.62
2017,១៧.៦.១ ភាគរយនៃប្រជាជន ដែលបានជាវអ៊ិនធើណែតអចល័តជាប្រចាំក្នុងចំណោមប្រជាជនសរុបបែងចែកតាមល្បឿននៃអ៊ិនធើណែត,,ភាគរយ,0.86
2018,១៧.៦.១ ភាគរយនៃប្រជាជន ដែលបានជាវអ៊ិនធើណែតអចល័តជាប្រចាំក្នុងចំណោមប្រជាជនសរុបបែងចែកតាមល្បឿននៃអ៊ិនធើណែត,,ភាគរយ,0.94
2019,១៧.៦.១ ភាគរយនៃប្រជាជន ដែលបានជាវអ៊ិនធើណែតអចល័តជាប្រចាំក្នុងចំណោមប្រជាជនសរុបបែងចែកតាមល្បឿននៃអ៊ិនធើណែត,,ភាគរយ,1.35
2020,១៧.៦.១ ភាគរយនៃប្រជាជន ដែលបានជាវអ៊ិនធើណែតអចល័តជាប្រចាំក្នុងចំណោមប្រជាជនសរុបបែងចែកតាមល្បឿននៃអ៊ិនធើណែត,,ភាគរយ,1.53
