Year,SERIES,តំបន់យោង,UNIT_MEASURE,GeoCode,Value
2016,១៧.៩.១ ទំហំហិរញ្ញប្បទានកិច្ចសហប្រតិបត្តិការបច្ចេកទេស (រួមទាំងកិច្ចសហប្រតិបត្តិការជើង-ត្បូង ត្បូង-ត្បូង និងកិច្ចសហប្រតិបត្តិការត្រីកោណ) ដែលបានសន្យាផ្តល់ដល់កម្ពុជា,,ភាគរយ,,1.31
2017,១៧.៩.១ ទំហំហិរញ្ញប្បទានកិច្ចសហប្រតិបត្តិការបច្ចេកទេស (រួមទាំងកិច្ចសហប្រតិបត្តិការជើង-ត្បូង ត្បូង-ត្បូង និងកិច្ចសហប្រតិបត្តិការត្រីកោណ) ដែលបានសន្យាផ្តល់ដល់កម្ពុជា,,ភាគរយ,,1.23
2018,១៧.៩.១ ទំហំហិរញ្ញប្បទានកិច្ចសហប្រតិបត្តិការបច្ចេកទេស (រួមទាំងកិច្ចសហប្រតិបត្តិការជើង-ត្បូង ត្បូង-ត្បូង និងកិច្ចសហប្រតិបត្តិការត្រីកោណ) ដែលបានសន្យាផ្តល់ដល់កម្ពុជា,,ភាគរយ,,1.15
2019,១៧.៩.១ ទំហំហិរញ្ញប្បទានកិច្ចសហប្រតិបត្តិការបច្ចេកទេស (រួមទាំងកិច្ចសហប្រតិបត្តិការជើង-ត្បូង ត្បូង-ត្បូង និងកិច្ចសហប្រតិបត្តិការត្រីកោណ) ដែលបានសន្យាផ្តល់ដល់កម្ពុជា,,ភាគរយ,,1.07
2020,១៧.៩.១ ទំហំហិរញ្ញប្បទានកិច្ចសហប្រតិបត្តិការបច្ចេកទេស (រួមទាំងកិច្ចសហប្រតិបត្តិការជើង-ត្បូង ត្បូង-ត្បូង និងកិច្ចសហប្រតិបត្តិការត្រីកោណ) ដែលបានសន្យាផ្តល់ដល់កម្ពុជា,,ភាគរយ,,1.0
