Year,SERIES,តំបន់យោង,ការរួមភេទ,អាយុ,កំរិតនគរូបនីយកម្ម,ប្រាក់ចំណូលឬទ្រព្យសម្បត្តិមានចំនួនច្រើន,UNIT_MEASURE,GeoCode,Value
2000,២.២.១ ភាគរយកុមារអាយុក្រោម៥ឆ្នាំដែលមានភាពក្រិនមធ្យមឬធ្ងន់ធ្ងរ,,ស្រី,អាយុក្រោម ៥ ឆ្នាំ,,,ភាគរយ,,45.9
2005,២.២.១ ភាគរយកុមារអាយុក្រោម៥ឆ្នាំដែលមានភាពក្រិនមធ្យមឬធ្ងន់ធ្ងរ,,ស្រី,អាយុក្រោម ៥ ឆ្នាំ,,,ភាគរយ,,35.8
2010,២.២.១ ភាគរយកុមារអាយុក្រោម៥ឆ្នាំដែលមានភាពក្រិនមធ្យមឬធ្ងន់ធ្ងរ,,ស្រី,អាយុក្រោម ៥ ឆ្នាំ,,,ភាគរយ,,38.2
2014,២.២.១ ភាគរយកុមារអាយុក្រោម៥ឆ្នាំដែលមានភាពក្រិនមធ្យមឬធ្ងន់ធ្ងរ,,ស្រី,អាយុក្រោម ៥ ឆ្នាំ,,,ភាគរយ,,31.9
2000,២.២.១ ភាគរយកុមារអាយុក្រោម៥ឆ្នាំដែលមានភាពក្រិនមធ្យមឬធ្ងន់ធ្ងរ,,ប្រុស,អាយុក្រោម ៥ ឆ្នាំ,,,ភាគរយ,,43.3
2005,២.២.១ ភាគរយកុមារអាយុក្រោម៥ឆ្នាំដែលមានភាពក្រិនមធ្យមឬធ្ងន់ធ្ងរ,,ប្រុស,អាយុក្រោម ៥ ឆ្នាំ,,,ភាគរយ,,38.8
2010,២.២.១ ភាគរយកុមារអាយុក្រោម៥ឆ្នាំដែលមានភាពក្រិនមធ្យមឬធ្ងន់ធ្ងរ,,ប្រុស,អាយុក្រោម ៥ ឆ្នាំ,,,ភាគរយ,,41.6
2014,២.២.១ ភាគរយកុមារអាយុក្រោម៥ឆ្នាំដែលមានភាពក្រិនមធ្យមឬធ្ងន់ធ្ងរ,,ប្រុស,អាយុក្រោម ៥ ឆ្នាំ,,,ភាគរយ,,32.9
2000,២.២.១ ភាគរយកុមារអាយុក្រោម៥ឆ្នាំដែលមានភាពក្រិនមធ្យមឬធ្ងន់ធ្ងរ,,,អាយុក្រោម ៥ ឆ្នាំ,,,ភាគរយ,,44.6
2005,២.២.១ ភាគរយកុមារអាយុក្រោម៥ឆ្នាំដែលមានភាពក្រិនមធ្យមឬធ្ងន់ធ្ងរ,,,អាយុក្រោម ៥ ឆ្នាំ,,,ភាគរយ,,37.3
2010,២.២.១ ភាគរយកុមារអាយុក្រោម៥ឆ្នាំដែលមានភាពក្រិនមធ្យមឬធ្ងន់ធ្ងរ,,,អាយុក្រោម ៥ ឆ្នាំ,,,ភាគរយ,,39.9
2014,២.២.១ ភាគរយកុមារអាយុក្រោម៥ឆ្នាំដែលមានភាពក្រិនមធ្យមឬធ្ងន់ធ្ងរ,,,អាយុក្រោម ៥ ឆ្នាំ,,,ភាគរយ,,32.4
2005,២.២.១ ភាគរយកុមារអាយុក្រោម៥ឆ្នាំដែលមានភាពក្រិនមធ្យមឬធ្ងន់ធ្ងរ,,,អាយុក្រោម ៥ ឆ្នាំ,,ឃ្វីនទី ១ (ក្របំផុត),ភាគរយ,,46.7
2010,២.២.១ ភាគរយកុមារអាយុក្រោម៥ឆ្នាំដែលមានភាពក្រិនមធ្យមឬធ្ងន់ធ្ងរ,,,អាយុក្រោម ៥ ឆ្នាំ,,ឃ្វីនទី ១ (ក្របំផុត),ភាគរយ,,51.1
2014,២.២.១ ភាគរយកុមារអាយុក្រោម៥ឆ្នាំដែលមានភាពក្រិនមធ្យមឬធ្ងន់ធ្ងរ,,,អាយុក្រោម ៥ ឆ្នាំ,,ឃ្វីនទី ១ (ក្របំផុត),ភាគរយ,,41.9
2005,២.២.១ ភាគរយកុមារអាយុក្រោម៥ឆ្នាំដែលមានភាពក្រិនមធ្យមឬធ្ងន់ធ្ងរ,,,អាយុក្រោម ៥ ឆ្នាំ,,ឃ្វីនទី ២,ភាគរយ,,42.5
2010,២.២.១ ភាគរយកុមារអាយុក្រោម៥ឆ្នាំដែលមានភាពក្រិនមធ្យមឬធ្ងន់ធ្ងរ,,,អាយុក្រោម ៥ ឆ្នាំ,,ឃ្វីនទី ២,ភាគរយ,,44.4
2014,២.២.១ ភាគរយកុមារអាយុក្រោម៥ឆ្នាំដែលមានភាពក្រិនមធ្យមឬធ្ងន់ធ្ងរ,,,អាយុក្រោម ៥ ឆ្នាំ,,ឃ្វីនទី ២,ភាគរយ,,37.1
2005,២.២.១ ភាគរយកុមារអាយុក្រោម៥ឆ្នាំដែលមានភាពក្រិនមធ្យមឬធ្ងន់ធ្ងរ,,,អាយុក្រោម ៥ ឆ្នាំ,,ឃ្វីនទី ៣,ភាគរយ,,36.5
2010,២.២.១ ភាគរយកុមារអាយុក្រោម៥ឆ្នាំដែលមានភាពក្រិនមធ្យមឬធ្ងន់ធ្ងរ,,,អាយុក្រោម ៥ ឆ្នាំ,,ឃ្វីនទី ៣,ភាគរយ,,39.3
2014,២.២.១ ភាគរយកុមារអាយុក្រោម៥ឆ្នាំដែលមានភាពក្រិនមធ្យមឬធ្ងន់ធ្ងរ,,,អាយុក្រោម ៥ ឆ្នាំ,,ឃ្វីនទី ៣,ភាគរយ,,31.7
2005,២.២.១ ភាគរយកុមារអាយុក្រោម៥ឆ្នាំដែលមានភាពក្រិនមធ្យមឬធ្ងន់ធ្ងរ,,,អាយុក្រោម ៥ ឆ្នាំ,,ឃ្វីនទី ៤,ភាគរយ,,35.5
2010,២.២.១ ភាគរយកុមារអាយុក្រោម៥ឆ្នាំដែលមានភាពក្រិនមធ្យមឬធ្ងន់ធ្ងរ,,,អាយុក្រោម ៥ ឆ្នាំ,,ឃ្វីនទី ៤,ភាគរយ,,34.2
2014,២.២.១ ភាគរយកុមារអាយុក្រោម៥ឆ្នាំដែលមានភាពក្រិនមធ្យមឬធ្ងន់ធ្ងរ,,,អាយុក្រោម ៥ ឆ្នាំ,,ឃ្វីនទី ៤,ភាគរយ,,29.1
2005,២.២.១ ភាគរយកុមារអាយុក្រោម៥ឆ្នាំដែលមានភាពក្រិនមធ្យមឬធ្ងន់ធ្ងរ,,,អាយុក្រោម ៥ ឆ្នាំ,,ឃ្វីនទី ៥ (មានជាងគេបំផុត),ភាគរយ,,19.4
2010,២.២.១ ភាគរយកុមារអាយុក្រោម៥ឆ្នាំដែលមានភាពក្រិនមធ្យមឬធ្ងន់ធ្ងរ,,,អាយុក្រោម ៥ ឆ្នាំ,,ឃ្វីនទី ៥ (មានជាងគេបំផុត),ភាគរយ,,23.1
2014,២.២.១ ភាគរយកុមារអាយុក្រោម៥ឆ្នាំដែលមានភាពក្រិនមធ្យមឬធ្ងន់ធ្ងរ,,,អាយុក្រោម ៥ ឆ្នាំ,,ឃ្វីនទី ៥ (មានជាងគេបំផុត),ភាគរយ,,18.5
2000,២.២.១ ភាគរយកុមារអាយុក្រោម៥ឆ្នាំដែលមានភាពក្រិនមធ្យមឬធ្ងន់ធ្ងរ,,,អាយុក្រោម ៥ ឆ្នាំ,ទីប្រជុំជន,,ភាគរយ,,38.1
2005,២.២.១ ភាគរយកុមារអាយុក្រោម៥ឆ្នាំដែលមានភាពក្រិនមធ្យមឬធ្ងន់ធ្ងរ,,,អាយុក្រោម ៥ ឆ្នាំ,ទីប្រជុំជន,,ភាគរយ,,30.5
2010,២.២.១ ភាគរយកុមារអាយុក្រោម៥ឆ្នាំដែលមានភាពក្រិនមធ្យមឬធ្ងន់ធ្ងរ,,,អាយុក្រោម ៥ ឆ្នាំ,ទីប្រជុំជន,,ភាគរយ,,27.5
2014,២.២.១ ភាគរយកុមារអាយុក្រោម៥ឆ្នាំដែលមានភាពក្រិនមធ្យមឬធ្ងន់ធ្ងរ,,,អាយុក្រោម ៥ ឆ្នាំ,ទីប្រជុំជន,,ភាគរយ,,23.7
2000,២.២.១ ភាគរយកុមារអាយុក្រោម៥ឆ្នាំដែលមានភាពក្រិនមធ្យមឬធ្ងន់ធ្ងរ,,,អាយុក្រោម ៥ ឆ្នាំ,ជនបទ,,ភាគរយ,,45.7
2005,២.២.១ ភាគរយកុមារអាយុក្រោម៥ឆ្នាំដែលមានភាពក្រិនមធ្យមឬធ្ងន់ធ្ងរ,,,អាយុក្រោម ៥ ឆ្នាំ,ជនបទ,,ភាគរយ,,38.3
2010,២.២.១ ភាគរយកុមារអាយុក្រោម៥ឆ្នាំដែលមានភាពក្រិនមធ្យមឬធ្ងន់ធ្ងរ,,,អាយុក្រោម ៥ ឆ្នាំ,ជនបទ,,ភាគរយ,,42.2
2014,២.២.១ ភាគរយកុមារអាយុក្រោម៥ឆ្នាំដែលមានភាពក្រិនមធ្យមឬធ្ងន់ធ្ងរ,,,អាយុក្រោម ៥ ឆ្នាំ,ជនបទ,,ភាគរយ,,33.8
2000,២.២.១ ភាគរយកុមារអាយុក្រោម៥ឆ្នាំដែលមានភាពក្រិនមធ្យមឬធ្ងន់ធ្ងរ,បន្ទាយមានជ័យ,,អាយុក្រោម ៥ ឆ្នាំ,,,ភាគរយ,KH01,28.9
2005,២.២.១ ភាគរយកុមារអាយុក្រោម៥ឆ្នាំដែលមានភាពក្រិនមធ្យមឬធ្ងន់ធ្ងរ,បន្ទាយមានជ័យ,,អាយុក្រោម ៥ ឆ្នាំ,,,ភាគរយ,KH01,34.1
2010,២.២.១ ភាគរយកុមារអាយុក្រោម៥ឆ្នាំដែលមានភាពក្រិនមធ្យមឬធ្ងន់ធ្ងរ,បន្ទាយមានជ័យ,,អាយុក្រោម ៥ ឆ្នាំ,,,ភាគរយ,KH01,33.4
2014,២.២.១ ភាគរយកុមារអាយុក្រោម៥ឆ្នាំដែលមានភាពក្រិនមធ្យមឬធ្ងន់ធ្ងរ,បន្ទាយមានជ័យ,,អាយុក្រោម ៥ ឆ្នាំ,,,ភាគរយ,KH01,28.6
2000,២.២.១ ភាគរយកុមារអាយុក្រោម៥ឆ្នាំដែលមានភាពក្រិនមធ្យមឬធ្ងន់ធ្ងរ,កំពង់ចាម,,អាយុក្រោម ៥ ឆ្នាំ,,,ភាគរយ,KH03,48.2
2005,២.២.១ ភាគរយកុមារអាយុក្រោម៥ឆ្នាំដែលមានភាពក្រិនមធ្យមឬធ្ងន់ធ្ងរ,កំពង់ចាម,,អាយុក្រោម ៥ ឆ្នាំ,,,ភាគរយ,KH03,37.2
2010,២.២.១ ភាគរយកុមារអាយុក្រោម៥ឆ្នាំដែលមានភាពក្រិនមធ្យមឬធ្ងន់ធ្ងរ,កំពង់ចាម,,អាយុក្រោម ៥ ឆ្នាំ,,,ភាគរយ,KH03,46.9
2014,២.២.១ ភាគរយកុមារអាយុក្រោម៥ឆ្នាំដែលមានភាពក្រិនមធ្យមឬធ្ងន់ធ្ងរ,កំពង់ចាម,,អាយុក្រោម ៥ ឆ្នាំ,,,ភាគរយ,KH03,33.5
2000,២.២.១ ភាគរយកុមារអាយុក្រោម៥ឆ្នាំដែលមានភាពក្រិនមធ្យមឬធ្ងន់ធ្ងរ,កំពង់ឆ្នាំង,,អាយុក្រោម ៥ ឆ្នាំ,,,ភាគរយ,KH04,45.9
2005,២.២.១ ភាគរយកុមារអាយុក្រោម៥ឆ្នាំដែលមានភាពក្រិនមធ្យមឬធ្ងន់ធ្ងរ,កំពង់ឆ្នាំង,,អាយុក្រោម ៥ ឆ្នាំ,,,ភាគរយ,KH04,37.3
2010,២.២.១ ភាគរយកុមារអាយុក្រោម៥ឆ្នាំដែលមានភាពក្រិនមធ្យមឬធ្ងន់ធ្ងរ,កំពង់ឆ្នាំង,,អាយុក្រោម ៥ ឆ្នាំ,,,ភាគរយ,KH04,40.3
2014,២.២.១ ភាគរយកុមារអាយុក្រោម៥ឆ្នាំដែលមានភាពក្រិនមធ្យមឬធ្ងន់ធ្ងរ,កំពង់ឆ្នាំង,,អាយុក្រោម ៥ ឆ្នាំ,,,ភាគរយ,KH04,42.8
2000,២.២.១ ភាគរយកុមារអាយុក្រោម៥ឆ្នាំដែលមានភាពក្រិនមធ្យមឬធ្ងន់ធ្ងរ,កំពង់ស្ពឺ,,អាយុក្រោម ៥ ឆ្នាំ,,,ភាគរយ,KH05,44.5
2005,២.២.១ ភាគរយកុមារអាយុក្រោម៥ឆ្នាំដែលមានភាពក្រិនមធ្យមឬធ្ងន់ធ្ងរ,កំពង់ស្ពឺ,,អាយុក្រោម ៥ ឆ្នាំ,,,ភាគរយ,KH05,36.6
2010,២.២.១ ភាគរយកុមារអាយុក្រោម៥ឆ្នាំដែលមានភាពក្រិនមធ្យមឬធ្ងន់ធ្ងរ,កំពង់ស្ពឺ,,អាយុក្រោម ៥ ឆ្នាំ,,,ភាគរយ,KH05,42.1
2014,២.២.១ ភាគរយកុមារអាយុក្រោម៥ឆ្នាំដែលមានភាពក្រិនមធ្យមឬធ្ងន់ធ្ងរ,កំពង់ស្ពឺ,,អាយុក្រោម ៥ ឆ្នាំ,,,ភាគរយ,KH05,40.5
2000,២.២.១ ភាគរយកុមារអាយុក្រោម៥ឆ្នាំដែលមានភាពក្រិនមធ្យមឬធ្ងន់ធ្ងរ,កំពង់ធំ,,អាយុក្រោម ៥ ឆ្នាំ,,,ភាគរយ,KH06,47.2
2005,២.២.១ ភាគរយកុមារអាយុក្រោម៥ឆ្នាំដែលមានភាពក្រិនមធ្យមឬធ្ងន់ធ្ងរ,កំពង់ធំ,,អាយុក្រោម ៥ ឆ្នាំ,,,ភាគរយ,KH06,41.1
2010,២.២.១ ភាគរយកុមារអាយុក្រោម៥ឆ្នាំដែលមានភាពក្រិនមធ្យមឬធ្ងន់ធ្ងរ,កំពង់ធំ,,អាយុក្រោម ៥ ឆ្នាំ,,,ភាគរយ,KH06,49.9
2014,២.២.១ ភាគរយកុមារអាយុក្រោម៥ឆ្នាំដែលមានភាពក្រិនមធ្យមឬធ្ងន់ធ្ងរ,កំពង់ធំ,,អាយុក្រោម ៥ ឆ្នាំ,,,ភាគរយ,KH06,36.4
2000,២.២.១ ភាគរយកុមារអាយុក្រោម៥ឆ្នាំដែលមានភាពក្រិនមធ្យមឬធ្ងន់ធ្ងរ,កណ្តាល,,អាយុក្រោម ៥ ឆ្នាំ,,,ភាគរយ,KH08,46.2
2005,២.២.១ ភាគរយកុមារអាយុក្រោម៥ឆ្នាំដែលមានភាពក្រិនមធ្យមឬធ្ងន់ធ្ងរ,កណ្តាល,,អាយុក្រោម ៥ ឆ្នាំ,,,ភាគរយ,KH08,26.8
2010,២.២.១ ភាគរយកុមារអាយុក្រោម៥ឆ្នាំដែលមានភាពក្រិនមធ្យមឬធ្ងន់ធ្ងរ,កណ្តាល,,អាយុក្រោម ៥ ឆ្នាំ,,,ភាគរយ,KH08,34.9
2014,២.២.១ ភាគរយកុមារអាយុក្រោម៥ឆ្នាំដែលមានភាពក្រិនមធ្យមឬធ្ងន់ធ្ងរ,កណ្តាល,,អាយុក្រោម ៥ ឆ្នាំ,,,ភាគរយ,KH08,28.1
2000,២.២.១ ភាគរយកុមារអាយុក្រោម៥ឆ្នាំដែលមានភាពក្រិនមធ្យមឬធ្ងន់ធ្ងរ,កោះកុង,,អាយុក្រោម ៥ ឆ្នាំ,,,ភាគរយ,KH09,55.0
2005,២.២.១ ភាគរយកុមារអាយុក្រោម៥ឆ្នាំដែលមានភាពក្រិនមធ្យមឬធ្ងន់ធ្ងរ,ខេត្តក្រចេះ,,អាយុក្រោម ៥ ឆ្នាំ,,,ភាគរយ,KH10,37.1
2010,២.២.១ ភាគរយកុមារអាយុក្រោម៥ឆ្នាំដែលមានភាពក្រិនមធ្យមឬធ្ងន់ធ្ងរ,ខេត្តក្រចេះ,,អាយុក្រោម ៥ ឆ្នាំ,,,ភាគរយ,KH10,47.6
2014,២.២.១ ភាគរយកុមារអាយុក្រោម៥ឆ្នាំដែលមានភាពក្រិនមធ្យមឬធ្ងន់ធ្ងរ,ខេត្តក្រចេះ,,អាយុក្រោម ៥ ឆ្នាំ,,,ភាគរយ,KH10,38.4
2005,២.២.១ ភាគរយកុមារអាយុក្រោម៥ឆ្នាំដែលមានភាពក្រិនមធ្យមឬធ្ងន់ធ្ងរ,ឧត្តរមានជ័យ,,អាយុក្រោម ៥ ឆ្នាំ,,,ភាគរយ,KH22,47.3
2010,២.២.១ ភាគរយកុមារអាយុក្រោម៥ឆ្នាំដែលមានភាពក្រិនមធ្យមឬធ្ងន់ធ្ងរ,ឧត្តរមានជ័យ,,អាយុក្រោម ៥ ឆ្នាំ,,,ភាគរយ,KH22,39.6
2014,២.២.១ ភាគរយកុមារអាយុក្រោម៥ឆ្នាំដែលមានភាពក្រិនមធ្យមឬធ្ងន់ធ្ងរ,ឧត្តរមានជ័យ,,អាយុក្រោម ៥ ឆ្នាំ,,,ភាគរយ,KH22,36.3
2000,២.២.១ ភាគរយកុមារអាយុក្រោម៥ឆ្នាំដែលមានភាពក្រិនមធ្យមឬធ្ងន់ធ្ងរ,ភ្នំពេញ,,អាយុក្រោម ៥ ឆ្នាំ,,,ភាគរយ,KH12,22.6
2005,២.២.១ ភាគរយកុមារអាយុក្រោម៥ឆ្នាំដែលមានភាពក្រិនមធ្យមឬធ្ងន់ធ្ងរ,ភ្នំពេញ,,អាយុក្រោម ៥ ឆ្នាំ,,,ភាគរយ,KH12,22.3
2010,២.២.១ ភាគរយកុមារអាយុក្រោម៥ឆ្នាំដែលមានភាពក្រិនមធ្យមឬធ្ងន់ធ្ងរ,ភ្នំពេញ,,អាយុក្រោម ៥ ឆ្នាំ,,,ភាគរយ,KH12,25.1
2014,២.២.១ ភាគរយកុមារអាយុក្រោម៥ឆ្នាំដែលមានភាពក្រិនមធ្យមឬធ្ងន់ធ្ងរ,ភ្នំពេញ,,អាយុក្រោម ៥ ឆ្នាំ,,,ភាគរយ,KH12,17.9
2000,២.២.១ ភាគរយកុមារអាយុក្រោម៥ឆ្នាំដែលមានភាពក្រិនមធ្យមឬធ្ងន់ធ្ងរ,ព្រៃវែង,,អាយុក្រោម ៥ ឆ្នាំ,,,ភាគរយ,KH14,51.2
2005,២.២.១ ភាគរយកុមារអាយុក្រោម៥ឆ្នាំដែលមានភាពក្រិនមធ្យមឬធ្ងន់ធ្ងរ,ព្រៃវែង,,អាយុក្រោម ៥ ឆ្នាំ,,,ភាគរយ,KH14,38.3
2010,២.២.១ ភាគរយកុមារអាយុក្រោម៥ឆ្នាំដែលមានភាពក្រិនមធ្យមឬធ្ងន់ធ្ងរ,ព្រៃវែង,,អាយុក្រោម ៥ ឆ្នាំ,,,ភាគរយ,KH14,34.6
2014,២.២.១ ភាគរយកុមារអាយុក្រោម៥ឆ្នាំដែលមានភាពក្រិនមធ្យមឬធ្ងន់ធ្ងរ,ព្រៃវែង,,អាយុក្រោម ៥ ឆ្នាំ,,,ភាគរយ,KH14,32.7
2000,២.២.១ ភាគរយកុមារអាយុក្រោម៥ឆ្នាំដែលមានភាពក្រិនមធ្យមឬធ្ងន់ធ្ងរ,ពោធិសាត់,,អាយុក្រោម ៥ ឆ្នាំ,,,ភាគរយ,KH15,46.3
2005,២.២.១ ភាគរយកុមារអាយុក្រោម៥ឆ្នាំដែលមានភាពក្រិនមធ្យមឬធ្ងន់ធ្ងរ,ពោធិសាត់,,អាយុក្រោម ៥ ឆ្នាំ,,,ភាគរយ,KH15,61.6
2010,២.២.១ ភាគរយកុមារអាយុក្រោម៥ឆ្នាំដែលមានភាពក្រិនមធ្យមឬធ្ងន់ធ្ងរ,ពោធិសាត់,,អាយុក្រោម ៥ ឆ្នាំ,,,ភាគរយ,KH15,44.8
2014,២.២.១ ភាគរយកុមារអាយុក្រោម៥ឆ្នាំដែលមានភាពក្រិនមធ្យមឬធ្ងន់ធ្ងរ,ពោធិសាត់,,អាយុក្រោម ៥ ឆ្នាំ,,,ភាគរយ,KH15,38.8
2005,២.២.១ ភាគរយកុមារអាយុក្រោម៥ឆ្នាំដែលមានភាពក្រិនមធ្យមឬធ្ងន់ធ្ងរ,សៀមរាប,,អាយុក្រោម ៥ ឆ្នាំ,,,ភាគរយ,KH17,53.3
2010,២.២.១ ភាគរយកុមារអាយុក្រោម៥ឆ្នាំដែលមានភាពក្រិនមធ្យមឬធ្ងន់ធ្ងរ,សៀមរាប,,អាយុក្រោម ៥ ឆ្នាំ,,,ភាគរយ,KH17,50.3
2014,២.២.១ ភាគរយកុមារអាយុក្រោម៥ឆ្នាំដែលមានភាពក្រិនមធ្យមឬធ្ងន់ធ្ងរ,សៀមរាប,,អាយុក្រោម ៥ ឆ្នាំ,,,ភាគរយ,KH17,35.9
2000,២.២.១ ភាគរយកុមារអាយុក្រោម៥ឆ្នាំដែលមានភាពក្រិនមធ្យមឬធ្ងន់ធ្ងរ,ស្វាយរៀង,,អាយុក្រោម ៥ ឆ្នាំ,,,ភាគរយ,KH20,51.3
2005,២.២.១ ភាគរយកុមារអាយុក្រោម៥ឆ្នាំដែលមានភាពក្រិនមធ្យមឬធ្ងន់ធ្ងរ,ស្វាយរៀង,,អាយុក្រោម ៥ ឆ្នាំ,,,ភាគរយ,KH20,35.4
2010,២.២.១ ភាគរយកុមារអាយុក្រោម៥ឆ្នាំដែលមានភាពក្រិនមធ្យមឬធ្ងន់ធ្ងរ,ស្វាយរៀង,,អាយុក្រោម ៥ ឆ្នាំ,,,ភាគរយ,KH20,31.2
2014,២.២.១ ភាគរយកុមារអាយុក្រោម៥ឆ្នាំដែលមានភាពក្រិនមធ្យមឬធ្ងន់ធ្ងរ,ស្វាយរៀង,,អាយុក្រោម ៥ ឆ្នាំ,,,ភាគរយ,KH20,32.8
2000,២.២.១ ភាគរយកុមារអាយុក្រោម៥ឆ្នាំដែលមានភាពក្រិនមធ្យមឬធ្ងន់ធ្ងរ,តាកែវ,,អាយុក្រោម ៥ ឆ្នាំ,,,ភាគរយ,KH21,42.1
2005,២.២.១ ភាគរយកុមារអាយុក្រោម៥ឆ្នាំដែលមានភាពក្រិនមធ្យមឬធ្ងន់ធ្ងរ,តាកែវ,,អាយុក្រោម ៥ ឆ្នាំ,,,ភាគរយ,KH21,38.5
2010,២.២.១ ភាគរយកុមារអាយុក្រោម៥ឆ្នាំដែលមានភាពក្រិនមធ្យមឬធ្ងន់ធ្ងរ,តាកែវ,,អាយុក្រោម ៥ ឆ្នាំ,,,ភាគរយ,KH21,41.3
2014,២.២.១ ភាគរយកុមារអាយុក្រោម៥ឆ្នាំដែលមានភាពក្រិនមធ្យមឬធ្ងន់ធ្ងរ,តាកែវ,,អាយុក្រោម ៥ ឆ្នាំ,,,ភាគរយ,KH21,30.7
2000,២.២.១ ភាគរយកុមារអាយុក្រោម៥ឆ្នាំដែលមានភាពក្រិនមធ្យមឬធ្ងន់ធ្ងរ,ខេត្តបាត់ដំបងនិងប៉ៃលិន,,អាយុក្រោម ៥ ឆ្នាំ,,,ភាគរយ,KH_AGG_KH02_KH24,36.3
2005,២.២.១ ភាគរយកុមារអាយុក្រោម៥ឆ្នាំដែលមានភាពក្រិនមធ្យមឬធ្ងន់ធ្ងរ,ខេត្តបាត់ដំបងនិងប៉ៃលិន,,អាយុក្រោម ៥ ឆ្នាំ,,,ភាគរយ,KH_AGG_KH02_KH24,36.2
2010,២.២.១ ភាគរយកុមារអាយុក្រោម៥ឆ្នាំដែលមានភាពក្រិនមធ្យមឬធ្ងន់ធ្ងរ,ខេត្តបាត់ដំបងនិងប៉ៃលិន,,អាយុក្រោម ៥ ឆ្នាំ,,,ភាគរយ,KH_AGG_KH02_KH24,26.5
2014,២.២.១ ភាគរយកុមារអាយុក្រោម៥ឆ្នាំដែលមានភាពក្រិនមធ្យមឬធ្ងន់ធ្ងរ,ខេត្តបាត់ដំបងនិងប៉ៃលិន,,អាយុក្រោម ៥ ឆ្នាំ,,,ភាគរយ,KH_AGG_KH02_KH24,24.9
2000,២.២.១ ភាគរយកុមារអាយុក្រោម៥ឆ្នាំដែលមានភាពក្រិនមធ្យមឬធ្ងន់ធ្ងរ,កំពតព្រះសីហនុនិងកែប,,អាយុក្រោម ៥ ឆ្នាំ,,,ភាគរយ,KH_AGG_KH07_KH18_KH23,43.4
2000,២.២.១ ភាគរយកុមារអាយុក្រោម៥ឆ្នាំដែលមានភាពក្រិនមធ្យមឬធ្ងន់ធ្ងរ,ខេត្តក្រចេះព្រះវិហារនិងស្ទឹងត្រែង,,អាយុក្រោម ៥ ឆ្នាំ,,,ភាគរយ,KH_AGG_KH10_KH13_KH19,51.0
2000,២.២.១ ភាគរយកុមារអាយុក្រោម៥ឆ្នាំដែលមានភាពក្រិនមធ្យមឬធ្ងន់ធ្ងរ,មណ្ឌលគីរីនិងរតនគិរី,,អាយុក្រោម ៥ ឆ្នាំ,,,ភាគរយ,KH_AGG_KH11_KH16,55.0
2005,២.២.១ ភាគរយកុមារអាយុក្រោម៥ឆ្នាំដែលមានភាពក្រិនមធ្យមឬធ្ងន់ធ្ងរ,មណ្ឌលគីរីនិងរតនគិរី,,អាយុក្រោម ៥ ឆ្នាំ,,,ភាគរយ,KH_AGG_KH11_KH16,54.0
2010,២.២.១ ភាគរយកុមារអាយុក្រោម៥ឆ្នាំដែលមានភាពក្រិនមធ្យមឬធ្ងន់ធ្ងរ,មណ្ឌលគីរីនិងរតនគិរី,,អាយុក្រោម ៥ ឆ្នាំ,,,ភាគរយ,KH_AGG_KH11_KH16,54.9
2014,២.២.១ ភាគរយកុមារអាយុក្រោម៥ឆ្នាំដែលមានភាពក្រិនមធ្យមឬធ្ងន់ធ្ងរ,មណ្ឌលគីរីនិងរតនគិរី,,អាយុក្រោម ៥ ឆ្នាំ,,,ភាគរយ,KH_AGG_KH11_KH16,39.8
2000,២.២.១ ភាគរយកុមារអាយុក្រោម៥ឆ្នាំដែលមានភាពក្រិនមធ្យមឬធ្ងន់ធ្ងរ,ឧត្តរមានជ័យនិងសៀមរាប,,អាយុក្រោម ៥ ឆ្នាំ,,,ភាគរយ,KH_AGG_KH22_KH17,50.7
2005,២.២.១ ភាគរយកុមារអាយុក្រោម៥ឆ្នាំដែលមានភាពក្រិនមធ្យមឬធ្ងន់ធ្ងរ,កំពតនិងកែប,,អាយុក្រោម ៥ ឆ្នាំ,,,ភាគរយ,KH_AGG_KH07_KH23,28.2
2010,២.២.១ ភាគរយកុមារអាយុក្រោម៥ឆ្នាំដែលមានភាពក្រិនមធ្យមឬធ្ងន់ធ្ងរ,កំពតនិងកែប,,អាយុក្រោម ៥ ឆ្នាំ,,,ភាគរយ,KH_AGG_KH07_KH23,43.4
2014,២.២.១ ភាគរយកុមារអាយុក្រោម៥ឆ្នាំដែលមានភាពក្រិនមធ្យមឬធ្ងន់ធ្ងរ,កំពតនិងកែប,,អាយុក្រោម ៥ ឆ្នាំ,,,ភាគរយ,KH_AGG_KH07_KH23,25.2
2005,២.២.១ ភាគរយកុមារអាយុក្រោម៥ឆ្នាំដែលមានភាពក្រិនមធ្យមឬធ្ងន់ធ្ងរ,កោះកុងនិងព្រះសីហនុ,,អាយុក្រោម ៥ ឆ្នាំ,,,ភាគរយ,KH_KH09_KH18,36.8
2010,២.២.១ ភាគរយកុមារអាយុក្រោម៥ឆ្នាំដែលមានភាពក្រិនមធ្យមឬធ្ងន់ធ្ងរ,កោះកុងនិងព្រះសីហនុ,,អាយុក្រោម ៥ ឆ្នាំ,,,ភាគរយ,KH_KH09_KH18,41.8
2014,២.២.១ ភាគរយកុមារអាយុក្រោម៥ឆ្នាំដែលមានភាពក្រិនមធ្យមឬធ្ងន់ធ្ងរ,កោះកុងនិងព្រះសីហនុ,,អាយុក្រោម ៥ ឆ្នាំ,,,ភាគរយ,KH_KH09_KH18,33.4
2005,២.២.១ ភាគរយកុមារអាយុក្រោម៥ឆ្នាំដែលមានភាពក្រិនមធ្យមឬធ្ងន់ធ្ងរ,ព្រះវិហារនិងស្ទឹងត្រែង,,អាយុក្រោម ៥ ឆ្នាំ,,,ភាគរយ,KH_AGG_KH13_KH19,42.0
2010,២.២.១ ភាគរយកុមារអាយុក្រោម៥ឆ្នាំដែលមានភាពក្រិនមធ្យមឬធ្ងន់ធ្ងរ,ព្រះវិហារនិងស្ទឹងត្រែង,,អាយុក្រោម ៥ ឆ្នាំ,,,ភាគរយ,KH_AGG_KH13_KH19,56.4
2014,២.២.១ ភាគរយកុមារអាយុក្រោម៥ឆ្នាំដែលមានភាពក្រិនមធ្យមឬធ្ងន់ធ្ងរ,ព្រះវិហារនិងស្ទឹងត្រែង,,អាយុក្រោម ៥ ឆ្នាំ,,,ភាគរយ,KH_AGG_KH13_KH19,44.3
