Year,SERIES,តំបន់យោង,ការរួមភេទ,អាយុ,កំរិតនគរូបនីយកម្ម,ប្រាក់ចំណូលឬទ្រព្យសម្បត្តិមានចំនួនច្រើន,UNIT_MEASURE,Value
2000,២.២.២ ភាគរយកុមារអាយុក្រោម៥ឆ្នាំដែលមានភាពស្លេកស្លាំងមធ្យមឬធ្ងន់ធ្ងរ,,ស្រី,អាយុក្រោម ៥ ឆ្នាំ,,,ភាគរយ,14.6
2005,២.២.២ ភាគរយកុមារអាយុក្រោម៥ឆ្នាំដែលមានភាពស្លេកស្លាំងមធ្យមឬធ្ងន់ធ្ងរ,,ស្រី,អាយុក្រោម ៥ ឆ្នាំ,,,ភាគរយ,7.4
2010,២.២.២ ភាគរយកុមារអាយុក្រោម៥ឆ្នាំដែលមានភាពស្លេកស្លាំងមធ្យមឬធ្ងន់ធ្ងរ,,ស្រី,អាយុក្រោម ៥ ឆ្នាំ,,,ភាគរយ,10.4
2014,២.២.២ ភាគរយកុមារអាយុក្រោម៥ឆ្នាំដែលមានភាពស្លេកស្លាំងមធ្យមឬធ្ងន់ធ្ងរ,,ស្រី,អាយុក្រោម ៥ ឆ្នាំ,,,ភាគរយ,9.3
2000,២.២.២ ភាគរយកុមារអាយុក្រោម៥ឆ្នាំដែលមានភាពស្លេកស្លាំងមធ្យមឬធ្ងន់ធ្ងរ,,ប្រុស,អាយុក្រោម ៥ ឆ្នាំ,,,ភាគរយ,15.4
2005,២.២.២ ភាគរយកុមារអាយុក្រោម៥ឆ្នាំដែលមានភាពស្លេកស្លាំងមធ្យមឬធ្ងន់ធ្ងរ,,ប្រុស,អាយុក្រោម ៥ ឆ្នាំ,,,ភាគរយ,7.1
2010,២.២.២ ភាគរយកុមារអាយុក្រោម៥ឆ្នាំដែលមានភាពស្លេកស្លាំងមធ្យមឬធ្ងន់ធ្ងរ,,ប្រុស,អាយុក្រោម ៥ ឆ្នាំ,,,ភាគរយ,11.4
2014,២.២.២ ភាគរយកុមារអាយុក្រោម៥ឆ្នាំដែលមានភាពស្លេកស្លាំងមធ្យមឬធ្ងន់ធ្ងរ,,ប្រុស,អាយុក្រោម ៥ ឆ្នាំ,,,ភាគរយ,9.9
2000,២.២.២ ភាគរយកុមារអាយុក្រោម៥ឆ្នាំដែលមានភាពស្លេកស្លាំងមធ្យមឬធ្ងន់ធ្ងរ,,,អាយុក្រោម ៥ ឆ្នាំ,,,ភាគរយ,15.0
2005,២.២.២ ភាគរយកុមារអាយុក្រោម៥ឆ្នាំដែលមានភាពស្លេកស្លាំងមធ្យមឬធ្ងន់ធ្ងរ,,,អាយុក្រោម ៥ ឆ្នាំ,,,ភាគរយ,7.3
2010,២.២.២ ភាគរយកុមារអាយុក្រោម៥ឆ្នាំដែលមានភាពស្លេកស្លាំងមធ្យមឬធ្ងន់ធ្ងរ,,,អាយុក្រោម ៥ ឆ្នាំ,,,ភាគរយ,10.9
2014,២.២.២ ភាគរយកុមារអាយុក្រោម៥ឆ្នាំដែលមានភាពស្លេកស្លាំងមធ្យមឬធ្ងន់ធ្ងរ,,,អាយុក្រោម ៥ ឆ្នាំ,,,ភាគរយ,9.6
2005,២.២.២ ភាគរយកុមារអាយុក្រោម៥ឆ្នាំដែលមានភាពស្លេកស្លាំងមធ្យមឬធ្ងន់ធ្ងរ,,,អាយុក្រោម ៥ ឆ្នាំ,,ឃ្វីនទី ១ (ក្របំផុត),ភាគរយ,8.3
2010,២.២.២ ភាគរយកុមារអាយុក្រោម៥ឆ្នាំដែលមានភាពស្លេកស្លាំងមធ្យមឬធ្ងន់ធ្ងរ,,,អាយុក្រោម ៥ ឆ្នាំ,,ឃ្វីនទី ១ (ក្របំផុត),ភាគរយ,11.9
2014,២.២.២ ភាគរយកុមារអាយុក្រោម៥ឆ្នាំដែលមានភាពស្លេកស្លាំងមធ្យមឬធ្ងន់ធ្ងរ,,,អាយុក្រោម ៥ ឆ្នាំ,,ឃ្វីនទី ១ (ក្របំផុត),ភាគរយ,11.0
2005,២.២.២ ភាគរយកុមារអាយុក្រោម៥ឆ្នាំដែលមានភាពស្លេកស្លាំងមធ្យមឬធ្ងន់ធ្ងរ,,,អាយុក្រោម ៥ ឆ្នាំ,,ឃ្វីនទី ២,ភាគរយ,9.2
2010,២.២.២ ភាគរយកុមារអាយុក្រោម៥ឆ្នាំដែលមានភាពស្លេកស្លាំងមធ្យមឬធ្ងន់ធ្ងរ,,,អាយុក្រោម ៥ ឆ្នាំ,,ឃ្វីនទី ២,ភាគរយ,9.6
2014,២.២.២ ភាគរយកុមារអាយុក្រោម៥ឆ្នាំដែលមានភាពស្លេកស្លាំងមធ្យមឬធ្ងន់ធ្ងរ,,,អាយុក្រោម ៥ ឆ្នាំ,,ឃ្វីនទី ២,ភាគរយ,11.4
2005,២.២.២ ភាគរយកុមារអាយុក្រោម៥ឆ្នាំដែលមានភាពស្លេកស្លាំងមធ្យមឬធ្ងន់ធ្ងរ,,,អាយុក្រោម ៥ ឆ្នាំ,,ឃ្វីនទី ៣,ភាគរយ,5.5
2010,២.២.២ ភាគរយកុមារអាយុក្រោម៥ឆ្នាំដែលមានភាពស្លេកស្លាំងមធ្យមឬធ្ងន់ធ្ងរ,,,អាយុក្រោម ៥ ឆ្នាំ,,ឃ្វីនទី ៣,ភាគរយ,11.5
2014,២.២.២ ភាគរយកុមារអាយុក្រោម៥ឆ្នាំដែលមានភាពស្លេកស្លាំងមធ្យមឬធ្ងន់ធ្ងរ,,,អាយុក្រោម ៥ ឆ្នាំ,,ឃ្វីនទី ៣,ភាគរយ,8.4
2005,២.២.២ ភាគរយកុមារអាយុក្រោម៥ឆ្នាំដែលមានភាពស្លេកស្លាំងមធ្យមឬធ្ងន់ធ្ងរ,,,អាយុក្រោម ៥ ឆ្នាំ,,ឃ្វីនទី ៤,ភាគរយ,6.0
2010,២.២.២ ភាគរយកុមារអាយុក្រោម៥ឆ្នាំដែលមានភាពស្លេកស្លាំងមធ្យមឬធ្ងន់ធ្ងរ,,,អាយុក្រោម ៥ ឆ្នាំ,,ឃ្វីនទី ៤,ភាគរយ,11.1
2014,២.២.២ ភាគរយកុមារអាយុក្រោម៥ឆ្នាំដែលមានភាពស្លេកស្លាំងមធ្យមឬធ្ងន់ធ្ងរ,,,អាយុក្រោម ៥ ឆ្នាំ,,ឃ្វីនទី ៤,ភាគរយ,9.3
2005,២.២.២ ភាគរយកុមារអាយុក្រោម៥ឆ្នាំដែលមានភាពស្លេកស្លាំងមធ្យមឬធ្ងន់ធ្ងរ,,,អាយុក្រោម ៥ ឆ្នាំ,,ឃ្វីនទី ៥ (មានជាងគេបំផុត),ភាគរយ,6.7
2010,២.២.២ ភាគរយកុមារអាយុក្រោម៥ឆ្នាំដែលមានភាពស្លេកស្លាំងមធ្យមឬធ្ងន់ធ្ងរ,,,អាយុក្រោម ៥ ឆ្នាំ,,ឃ្វីនទី ៥ (មានជាងគេបំផុត),ភាគរយ,10.1
2014,២.២.២ ភាគរយកុមារអាយុក្រោម៥ឆ្នាំដែលមានភាពស្លេកស្លាំងមធ្យមឬធ្ងន់ធ្ងរ,,,អាយុក្រោម ៥ ឆ្នាំ,,ឃ្វីនទី ៥ (មានជាងគេបំផុត),ភាគរយ,7.4
2000,២.២.២ ភាគរយកុមារអាយុក្រោម៥ឆ្នាំដែលមានភាពស្លេកស្លាំងមធ្យមឬធ្ងន់ធ្ងរ,,,អាយុក្រោម ៥ ឆ្នាំ,ទីប្រជុំជន,,ភាគរយ,12.6
2005,២.២.២ ភាគរយកុមារអាយុក្រោម៥ឆ្នាំដែលមានភាពស្លេកស្លាំងមធ្យមឬធ្ងន់ធ្ងរ,,,អាយុក្រោម ៥ ឆ្នាំ,ទីប្រជុំជន,,ភាគរយ,8.3
2010,២.២.២ ភាគរយកុមារអាយុក្រោម៥ឆ្នាំដែលមានភាពស្លេកស្លាំងមធ្យមឬធ្ងន់ធ្ងរ,,,អាយុក្រោម ៥ ឆ្នាំ,ទីប្រជុំជន,,ភាគរយ,11.6
2014,២.២.២ ភាគរយកុមារអាយុក្រោម៥ឆ្នាំដែលមានភាពស្លេកស្លាំងមធ្យមឬធ្ងន់ធ្ងរ,,,អាយុក្រោម ៥ ឆ្នាំ,ទីប្រជុំជន,,ភាគរយ,7.5
2000,២.២.២ ភាគរយកុមារអាយុក្រោម៥ឆ្នាំដែលមានភាពស្លេកស្លាំងមធ្យមឬធ្ងន់ធ្ងរ,,,អាយុក្រោម ៥ ឆ្នាំ,ជនបទ,,ភាគរយ,15.4
2005,២.២.២ ភាគរយកុមារអាយុក្រោម៥ឆ្នាំដែលមានភាពស្លេកស្លាំងមធ្យមឬធ្ងន់ធ្ងរ,,,អាយុក្រោម ៥ ឆ្នាំ,ជនបទ,,ភាគរយ,7.1
2010,២.២.២ ភាគរយកុមារអាយុក្រោម៥ឆ្នាំដែលមានភាពស្លេកស្លាំងមធ្យមឬធ្ងន់ធ្ងរ,,,អាយុក្រោម ៥ ឆ្នាំ,ជនបទ,,ភាគរយ,10.8
2014,២.២.២ ភាគរយកុមារអាយុក្រោម៥ឆ្នាំដែលមានភាពស្លេកស្លាំងមធ្យមឬធ្ងន់ធ្ងរ,,,អាយុក្រោម ៥ ឆ្នាំ,ជនបទ,,ភាគរយ,9.9
2000,២.២.២ ភាគរយកុមារអាយុក្រោម៥ឆ្នាំដែលមានភាពស្លេកស្លាំងមធ្យមឬធ្ងន់ធ្ងរ,បន្ទាយមានជ័យ,,អាយុក្រោម ៥ ឆ្នាំ,,,ភាគរយ,19.5
2005,២.២.២ ភាគរយកុមារអាយុក្រោម៥ឆ្នាំដែលមានភាពស្លេកស្លាំងមធ្យមឬធ្ងន់ធ្ងរ,បន្ទាយមានជ័យ,,អាយុក្រោម ៥ ឆ្នាំ,,,ភាគរយ,5.5
2010,២.២.២ ភាគរយកុមារអាយុក្រោម៥ឆ្នាំដែលមានភាពស្លេកស្លាំងមធ្យមឬធ្ងន់ធ្ងរ,បន្ទាយមានជ័យ,,អាយុក្រោម ៥ ឆ្នាំ,,,ភាគរយ,7.3
2014,២.២.២ ភាគរយកុមារអាយុក្រោម៥ឆ្នាំដែលមានភាពស្លេកស្លាំងមធ្យមឬធ្ងន់ធ្ងរ,បន្ទាយមានជ័យ,,អាយុក្រោម ៥ ឆ្នាំ,,,ភាគរយ,7.8
2000,២.២.២ ភាគរយកុមារអាយុក្រោម៥ឆ្នាំដែលមានភាពស្លេកស្លាំងមធ្យមឬធ្ងន់ធ្ងរ,កំពង់ចាម,,អាយុក្រោម ៥ ឆ្នាំ,,,ភាគរយ,15.6
2005,២.២.២ ភាគរយកុមារអាយុក្រោម៥ឆ្នាំដែលមានភាពស្លេកស្លាំងមធ្យមឬធ្ងន់ធ្ងរ,កំពង់ចាម,,អាយុក្រោម ៥ ឆ្នាំ,,,ភាគរយ,6.0
2010,២.២.២ ភាគរយកុមារអាយុក្រោម៥ឆ្នាំដែលមានភាពស្លេកស្លាំងមធ្យមឬធ្ងន់ធ្ងរ,កំពង់ចាម,,អាយុក្រោម ៥ ឆ្នាំ,,,ភាគរយ,11.8
2014,២.២.២ ភាគរយកុមារអាយុក្រោម៥ឆ្នាំដែលមានភាពស្លេកស្លាំងមធ្យមឬធ្ងន់ធ្ងរ,កំពង់ចាម,,អាយុក្រោម ៥ ឆ្នាំ,,,ភាគរយ,8.1
2000,២.២.២ ភាគរយកុមារអាយុក្រោម៥ឆ្នាំដែលមានភាពស្លេកស្លាំងមធ្យមឬធ្ងន់ធ្ងរ,កំពង់ឆ្នាំង,,អាយុក្រោម ៥ ឆ្នាំ,,,ភាគរយ,9.5
2005,២.២.២ ភាគរយកុមារអាយុក្រោម៥ឆ្នាំដែលមានភាពស្លេកស្លាំងមធ្យមឬធ្ងន់ធ្ងរ,កំពង់ឆ្នាំង,,អាយុក្រោម ៥ ឆ្នាំ,,,ភាគរយ,4.6
2010,២.២.២ ភាគរយកុមារអាយុក្រោម៥ឆ្នាំដែលមានភាពស្លេកស្លាំងមធ្យមឬធ្ងន់ធ្ងរ,កំពង់ឆ្នាំង,,អាយុក្រោម ៥ ឆ្នាំ,,,ភាគរយ,11.4
2014,២.២.២ ភាគរយកុមារអាយុក្រោម៥ឆ្នាំដែលមានភាពស្លេកស្លាំងមធ្យមឬធ្ងន់ធ្ងរ,កំពង់ឆ្នាំង,,អាយុក្រោម ៥ ឆ្នាំ,,,ភាគរយ,11.2
2000,២.២.២ ភាគរយកុមារអាយុក្រោម៥ឆ្នាំដែលមានភាពស្លេកស្លាំងមធ្យមឬធ្ងន់ធ្ងរ,កំពង់ស្ពឺ,,អាយុក្រោម ៥ ឆ្នាំ,,,ភាគរយ,16.9
2005,២.២.២ ភាគរយកុមារអាយុក្រោម៥ឆ្នាំដែលមានភាពស្លេកស្លាំងមធ្យមឬធ្ងន់ធ្ងរ,កំពង់ស្ពឺ,,អាយុក្រោម ៥ ឆ្នាំ,,,ភាគរយ,7.6
2010,២.២.២ ភាគរយកុមារអាយុក្រោម៥ឆ្នាំដែលមានភាពស្លេកស្លាំងមធ្យមឬធ្ងន់ធ្ងរ,កំពង់ស្ពឺ,,អាយុក្រោម ៥ ឆ្នាំ,,,ភាគរយ,10.2
2014,២.២.២ ភាគរយកុមារអាយុក្រោម៥ឆ្នាំដែលមានភាពស្លេកស្លាំងមធ្យមឬធ្ងន់ធ្ងរ,កំពង់ស្ពឺ,,អាយុក្រោម ៥ ឆ្នាំ,,,ភាគរយ,11.5
2000,២.២.២ ភាគរយកុមារអាយុក្រោម៥ឆ្នាំដែលមានភាពស្លេកស្លាំងមធ្យមឬធ្ងន់ធ្ងរ,កំពង់ធំ,,អាយុក្រោម ៥ ឆ្នាំ,,,ភាគរយ,24.5
2005,២.២.២ ភាគរយកុមារអាយុក្រោម៥ឆ្នាំដែលមានភាពស្លេកស្លាំងមធ្យមឬធ្ងន់ធ្ងរ,កំពង់ធំ,,អាយុក្រោម ៥ ឆ្នាំ,,,ភាគរយ,3.4
2010,២.២.២ ភាគរយកុមារអាយុក្រោម៥ឆ្នាំដែលមានភាពស្លេកស្លាំងមធ្យមឬធ្ងន់ធ្ងរ,កំពង់ធំ,,អាយុក្រោម ៥ ឆ្នាំ,,,ភាគរយ,11.5
2014,២.២.២ ភាគរយកុមារអាយុក្រោម៥ឆ្នាំដែលមានភាពស្លេកស្លាំងមធ្យមឬធ្ងន់ធ្ងរ,កំពង់ធំ,,អាយុក្រោម ៥ ឆ្នាំ,,,ភាគរយ,13.0
2000,២.២.២ ភាគរយកុមារអាយុក្រោម៥ឆ្នាំដែលមានភាពស្លេកស្លាំងមធ្យមឬធ្ងន់ធ្ងរ,កណ្តាល,,អាយុក្រោម ៥ ឆ្នាំ,,,ភាគរយ,11.8
2005,២.២.២ ភាគរយកុមារអាយុក្រោម៥ឆ្នាំដែលមានភាពស្លេកស្លាំងមធ្យមឬធ្ងន់ធ្ងរ,កណ្តាល,,អាយុក្រោម ៥ ឆ្នាំ,,,ភាគរយ,11.5
2010,២.២.២ ភាគរយកុមារអាយុក្រោម៥ឆ្នាំដែលមានភាពស្លេកស្លាំងមធ្យមឬធ្ងន់ធ្ងរ,កណ្តាល,,អាយុក្រោម ៥ ឆ្នាំ,,,ភាគរយ,9.9
2014,២.២.២ ភាគរយកុមារអាយុក្រោម៥ឆ្នាំដែលមានភាពស្លេកស្លាំងមធ្យមឬធ្ងន់ធ្ងរ,កណ្តាល,,អាយុក្រោម ៥ ឆ្នាំ,,,ភាគរយ,9.2
2000,២.២.២ ភាគរយកុមារអាយុក្រោម៥ឆ្នាំដែលមានភាពស្លេកស្លាំងមធ្យមឬធ្ងន់ធ្ងរ,កោះកុង,,អាយុក្រោម ៥ ឆ្នាំ,,,ភាគរយ,14.7
2005,២.២.២ ភាគរយកុមារអាយុក្រោម៥ឆ្នាំដែលមានភាពស្លេកស្លាំងមធ្យមឬធ្ងន់ធ្ងរ,ខេត្តក្រចេះ,,អាយុក្រោម ៥ ឆ្នាំ,,,ភាគរយ,4.2
2010,២.២.២ ភាគរយកុមារអាយុក្រោម៥ឆ្នាំដែលមានភាពស្លេកស្លាំងមធ្យមឬធ្ងន់ធ្ងរ,ខេត្តក្រចេះ,,អាយុក្រោម ៥ ឆ្នាំ,,,ភាគរយ,7.1
2014,២.២.២ ភាគរយកុមារអាយុក្រោម៥ឆ្នាំដែលមានភាពស្លេកស្លាំងមធ្យមឬធ្ងន់ធ្ងរ,ខេត្តក្រចេះ,,អាយុក្រោម ៥ ឆ្នាំ,,,ភាគរយ,6.5
2005,២.២.២ ភាគរយកុមារអាយុក្រោម៥ឆ្នាំដែលមានភាពស្លេកស្លាំងមធ្យមឬធ្ងន់ធ្ងរ,ឧត្តរមានជ័យ,,អាយុក្រោម ៥ ឆ្នាំ,,,ភាគរយ,10.3
2010,២.២.២ ភាគរយកុមារអាយុក្រោម៥ឆ្នាំដែលមានភាពស្លេកស្លាំងមធ្យមឬធ្ងន់ធ្ងរ,ឧត្តរមានជ័យ,,អាយុក្រោម ៥ ឆ្នាំ,,,ភាគរយ,17.6
2014,២.២.២ ភាគរយកុមារអាយុក្រោម៥ឆ្នាំដែលមានភាពស្លេកស្លាំងមធ្យមឬធ្ងន់ធ្ងរ,ឧត្តរមានជ័យ,,អាយុក្រោម ៥ ឆ្នាំ,,,ភាគរយ,15.1
2000,២.២.២ ភាគរយកុមារអាយុក្រោម៥ឆ្នាំដែលមានភាពស្លេកស្លាំងមធ្យមឬធ្ងន់ធ្ងរ,ភ្នំពេញ,,អាយុក្រោម ៥ ឆ្នាំ,,,ភាគរយ,18.3
2005,២.២.២ ភាគរយកុមារអាយុក្រោម៥ឆ្នាំដែលមានភាពស្លេកស្លាំងមធ្យមឬធ្ងន់ធ្ងរ,ភ្នំពេញ,,អាយុក្រោម ៥ ឆ្នាំ,,,ភាគរយ,5.5
2010,២.២.២ ភាគរយកុមារអាយុក្រោម៥ឆ្នាំដែលមានភាពស្លេកស្លាំងមធ្យមឬធ្ងន់ធ្ងរ,ភ្នំពេញ,,អាយុក្រោម ៥ ឆ្នាំ,,,ភាគរយ,11.2
2014,២.២.២ ភាគរយកុមារអាយុក្រោម៥ឆ្នាំដែលមានភាពស្លេកស្លាំងមធ្យមឬធ្ងន់ធ្ងរ,ភ្នំពេញ,,អាយុក្រោម ៥ ឆ្នាំ,,,ភាគរយ,8.4
2000,២.២.២ ភាគរយកុមារអាយុក្រោម៥ឆ្នាំដែលមានភាពស្លេកស្លាំងមធ្យមឬធ្ងន់ធ្ងរ,ព្រៃវែង,,អាយុក្រោម ៥ ឆ្នាំ,,,ភាគរយ,15.1
2005,២.២.២ ភាគរយកុមារអាយុក្រោម៥ឆ្នាំដែលមានភាពស្លេកស្លាំងមធ្យមឬធ្ងន់ធ្ងរ,ព្រៃវែង,,អាយុក្រោម ៥ ឆ្នាំ,,,ភាគរយ,11.3
2010,២.២.២ ភាគរយកុមារអាយុក្រោម៥ឆ្នាំដែលមានភាពស្លេកស្លាំងមធ្យមឬធ្ងន់ធ្ងរ,ព្រៃវែង,,អាយុក្រោម ៥ ឆ្នាំ,,,ភាគរយ,10.9
2014,២.២.២ ភាគរយកុមារអាយុក្រោម៥ឆ្នាំដែលមានភាពស្លេកស្លាំងមធ្យមឬធ្ងន់ធ្ងរ,ព្រៃវែង,,អាយុក្រោម ៥ ឆ្នាំ,,,ភាគរយ,8.6
2000,២.២.២ ភាគរយកុមារអាយុក្រោម៥ឆ្នាំដែលមានភាពស្លេកស្លាំងមធ្យមឬធ្ងន់ធ្ងរ,ពោធិសាត់,,អាយុក្រោម ៥ ឆ្នាំ,,,ភាគរយ,13.4
2005,២.២.២ ភាគរយកុមារអាយុក្រោម៥ឆ្នាំដែលមានភាពស្លេកស្លាំងមធ្យមឬធ្ងន់ធ្ងរ,ពោធិសាត់,,អាយុក្រោម ៥ ឆ្នាំ,,,ភាគរយ,17.0
2010,២.២.២ ភាគរយកុមារអាយុក្រោម៥ឆ្នាំដែលមានភាពស្លេកស្លាំងមធ្យមឬធ្ងន់ធ្ងរ,ពោធិសាត់,,អាយុក្រោម ៥ ឆ្នាំ,,,ភាគរយ,13.3
2014,២.២.២ ភាគរយកុមារអាយុក្រោម៥ឆ្នាំដែលមានភាពស្លេកស្លាំងមធ្យមឬធ្ងន់ធ្ងរ,ពោធិសាត់,,អាយុក្រោម ៥ ឆ្នាំ,,,ភាគរយ,12.3
2005,២.២.២ ភាគរយកុមារអាយុក្រោម៥ឆ្នាំដែលមានភាពស្លេកស្លាំងមធ្យមឬធ្ងន់ធ្ងរ,សៀមរាប,,អាយុក្រោម ៥ ឆ្នាំ,,,ភាគរយ,6.3
2010,២.២.២ ភាគរយកុមារអាយុក្រោម៥ឆ្នាំដែលមានភាពស្លេកស្លាំងមធ្យមឬធ្ងន់ធ្ងរ,សៀមរាប,,អាយុក្រោម ៥ ឆ្នាំ,,,ភាគរយ,12.3
2014,២.២.២ ភាគរយកុមារអាយុក្រោម៥ឆ្នាំដែលមានភាពស្លេកស្លាំងមធ្យមឬធ្ងន់ធ្ងរ,សៀមរាប,,អាយុក្រោម ៥ ឆ្នាំ,,,ភាគរយ,9.5
2000,២.២.២ ភាគរយកុមារអាយុក្រោម៥ឆ្នាំដែលមានភាពស្លេកស្លាំងមធ្យមឬធ្ងន់ធ្ងរ,ស្វាយរៀង,,អាយុក្រោម ៥ ឆ្នាំ,,,ភាគរយ,13.0
2005,២.២.២ ភាគរយកុមារអាយុក្រោម៥ឆ្នាំដែលមានភាពស្លេកស្លាំងមធ្យមឬធ្ងន់ធ្ងរ,ស្វាយរៀង,,អាយុក្រោម ៥ ឆ្នាំ,,,ភាគរយ,7.8
2010,២.២.២ ភាគរយកុមារអាយុក្រោម៥ឆ្នាំដែលមានភាពស្លេកស្លាំងមធ្យមឬធ្ងន់ធ្ងរ,ស្វាយរៀង,,អាយុក្រោម ៥ ឆ្នាំ,,,ភាគរយ,12.2
2014,២.២.២ ភាគរយកុមារអាយុក្រោម៥ឆ្នាំដែលមានភាពស្លេកស្លាំងមធ្យមឬធ្ងន់ធ្ងរ,ស្វាយរៀង,,អាយុក្រោម ៥ ឆ្នាំ,,,ភាគរយ,7.6
2000,២.២.២ ភាគរយកុមារអាយុក្រោម៥ឆ្នាំដែលមានភាពស្លេកស្លាំងមធ្យមឬធ្ងន់ធ្ងរ,តាកែវ,,អាយុក្រោម ៥ ឆ្នាំ,,,ភាគរយ,17.2
2005,២.២.២ ភាគរយកុមារអាយុក្រោម៥ឆ្នាំដែលមានភាពស្លេកស្លាំងមធ្យមឬធ្ងន់ធ្ងរ,តាកែវ,,អាយុក្រោម ៥ ឆ្នាំ,,,ភាគរយ,7.6
2010,២.២.២ ភាគរយកុមារអាយុក្រោម៥ឆ្នាំដែលមានភាពស្លេកស្លាំងមធ្យមឬធ្ងន់ធ្ងរ,តាកែវ,,អាយុក្រោម ៥ ឆ្នាំ,,,ភាគរយ,9.5
2014,២.២.២ ភាគរយកុមារអាយុក្រោម៥ឆ្នាំដែលមានភាពស្លេកស្លាំងមធ្យមឬធ្ងន់ធ្ងរ,តាកែវ,,អាយុក្រោម ៥ ឆ្នាំ,,,ភាគរយ,14.6
2000,២.២.២ ភាគរយកុមារអាយុក្រោម៥ឆ្នាំដែលមានភាពស្លេកស្លាំងមធ្យមឬធ្ងន់ធ្ងរ,ខេត្តបាត់ដំបងនិងប៉ៃលិន,,អាយុក្រោម ៥ ឆ្នាំ,,,ភាគរយ,21.1
2005,២.២.២ ភាគរយកុមារអាយុក្រោម៥ឆ្នាំដែលមានភាពស្លេកស្លាំងមធ្យមឬធ្ងន់ធ្ងរ,ខេត្តបាត់ដំបងនិងប៉ៃលិន,,អាយុក្រោម ៥ ឆ្នាំ,,,ភាគរយ,5.6
2010,២.២.២ ភាគរយកុមារអាយុក្រោម៥ឆ្នាំដែលមានភាពស្លេកស្លាំងមធ្យមឬធ្ងន់ធ្ងរ,ខេត្តបាត់ដំបងនិងប៉ៃលិន,,អាយុក្រោម ៥ ឆ្នាំ,,,ភាគរយ,14.4
2014,២.២.២ ភាគរយកុមារអាយុក្រោម៥ឆ្នាំដែលមានភាពស្លេកស្លាំងមធ្យមឬធ្ងន់ធ្ងរ,ខេត្តបាត់ដំបងនិងប៉ៃលិន,,អាយុក្រោម ៥ ឆ្នាំ,,,ភាគរយ,7.9
2000,២.២.២ ភាគរយកុមារអាយុក្រោម៥ឆ្នាំដែលមានភាពស្លេកស្លាំងមធ្យមឬធ្ងន់ធ្ងរ,កំពតព្រះសីហនុនិងកែប,,អាយុក្រោម ៥ ឆ្នាំ,,,ភាគរយ,9.6
2000,២.២.២ ភាគរយកុមារអាយុក្រោម៥ឆ្នាំដែលមានភាពស្លេកស្លាំងមធ្យមឬធ្ងន់ធ្ងរ,ខេត្តក្រចេះព្រះវិហារនិងស្ទឹងត្រែង,,អាយុក្រោម ៥ ឆ្នាំ,,,ភាគរយ,10.9
2000,២.២.២ ភាគរយកុមារអាយុក្រោម៥ឆ្នាំដែលមានភាពស្លេកស្លាំងមធ្យមឬធ្ងន់ធ្ងរ,មណ្ឌលគីរីនិងរតនគិរី,,អាយុក្រោម ៥ ឆ្នាំ,,,ភាគរយ,15.2
2005,២.២.២ ភាគរយកុមារអាយុក្រោម៥ឆ្នាំដែលមានភាពស្លេកស្លាំងមធ្យមឬធ្ងន់ធ្ងរ,មណ្ឌលគីរីនិងរតនគិរី,,អាយុក្រោម ៥ ឆ្នាំ,,,ភាគរយ,7.6
2010,២.២.២ ភាគរយកុមារអាយុក្រោម៥ឆ្នាំដែលមានភាពស្លេកស្លាំងមធ្យមឬធ្ងន់ធ្ងរ,មណ្ឌលគីរីនិងរតនគិរី,,អាយុក្រោម ៥ ឆ្នាំ,,,ភាគរយ,10.3
2014,២.២.២ ភាគរយកុមារអាយុក្រោម៥ឆ្នាំដែលមានភាពស្លេកស្លាំងមធ្យមឬធ្ងន់ធ្ងរ,មណ្ឌលគីរីនិងរតនគិរី,,អាយុក្រោម ៥ ឆ្នាំ,,,ភាគរយ,8.2
2000,២.២.២ ភាគរយកុមារអាយុក្រោម៥ឆ្នាំដែលមានភាពស្លេកស្លាំងមធ្យមឬធ្ងន់ធ្ងរ,ឧត្តរមានជ័យនិងសៀមរាប,,អាយុក្រោម ៥ ឆ្នាំ,,,ភាគរយ,10.6
2005,២.២.២ ភាគរយកុមារអាយុក្រោម៥ឆ្នាំដែលមានភាពស្លេកស្លាំងមធ្យមឬធ្ងន់ធ្ងរ,កំពតនិងកែប,,អាយុក្រោម ៥ ឆ្នាំ,,,ភាគរយ,5.0
2010,២.២.២ ភាគរយកុមារអាយុក្រោម៥ឆ្នាំដែលមានភាពស្លេកស្លាំងមធ្យមឬធ្ងន់ធ្ងរ,កំពតនិងកែប,,អាយុក្រោម ៥ ឆ្នាំ,,,ភាគរយ,8.9
2014,២.២.២ ភាគរយកុមារអាយុក្រោម៥ឆ្នាំដែលមានភាពស្លេកស្លាំងមធ្យមឬធ្ងន់ធ្ងរ,កំពតនិងកែប,,អាយុក្រោម ៥ ឆ្នាំ,,,ភាគរយ,8.2
2005,២.២.២ ភាគរយកុមារអាយុក្រោម៥ឆ្នាំដែលមានភាពស្លេកស្លាំងមធ្យមឬធ្ងន់ធ្ងរ,កោះកុងនិងព្រះសីហនុ,,អាយុក្រោម ៥ ឆ្នាំ,,,ភាគរយ,7.3
2010,២.២.២ ភាគរយកុមារអាយុក្រោម៥ឆ្នាំដែលមានភាពស្លេកស្លាំងមធ្យមឬធ្ងន់ធ្ងរ,កោះកុងនិងព្រះសីហនុ,,អាយុក្រោម ៥ ឆ្នាំ,,,ភាគរយ,9.1
2014,២.២.២ ភាគរយកុមារអាយុក្រោម៥ឆ្នាំដែលមានភាពស្លេកស្លាំងមធ្យមឬធ្ងន់ធ្ងរ,កោះកុងនិងព្រះសីហនុ,,អាយុក្រោម ៥ ឆ្នាំ,,,ភាគរយ,10.5
2005,២.២.២ ភាគរយកុមារអាយុក្រោម៥ឆ្នាំដែលមានភាពស្លេកស្លាំងមធ្យមឬធ្ងន់ធ្ងរ,ព្រះវិហារនិងស្ទឹងត្រែង,,អាយុក្រោម ៥ ឆ្នាំ,,,ភាគរយ,9.7
2010,២.២.២ ភាគរយកុមារអាយុក្រោម៥ឆ្នាំដែលមានភាពស្លេកស្លាំងមធ្យមឬធ្ងន់ធ្ងរ,ព្រះវិហារនិងស្ទឹងត្រែង,,អាយុក្រោម ៥ ឆ្នាំ,,,ភាគរយ,8.0
2014,២.២.២ ភាគរយកុមារអាយុក្រោម៥ឆ្នាំដែលមានភាពស្លេកស្លាំងមធ្យមឬធ្ងន់ធ្ងរ,ព្រះវិហារនិងស្ទឹងត្រែង,,អាយុក្រោម ៥ ឆ្នាំ,,,ភាគរយ,13.8
