Year,SERIES,តំបន់យោង,ភេទ,អាយុ,កំរិតនគរូបនីយកម្ម,ប្រាក់ចំណូលឬទ្រព្យសម្បត្តិមានចំនួនច្រើន,UNIT_MEASURE,GeoCode,Value
2000,៣.៣.១ អត្រាមរណភាពកុមារអាយុក្រោម៥ឆ្នាំ,,ស្រី,អាយុក្រោម ៥ ឆ្នាំ,,,ក្នុង ១០០ កំណើតរស់,,110.1
2005,៣.៣.១ អត្រាមរណភាពកុមារអាយុក្រោម៥ឆ្នាំ,,ស្រី,អាយុក្រោម ៥ ឆ្នាំ,,,ក្នុង ១០០ កំណើតរស់,,97.0
2010,៣.៣.១ អត្រាមរណភាពកុមារអាយុក្រោម៥ឆ្នាំ,,ស្រី,អាយុក្រោម ៥ ឆ្នាំ,,,ក្នុង ១០០ កំណើតរស់,,59.0
2014,៣.៣.១ អត្រាមរណភាពកុមារអាយុក្រោម៥ឆ្នាំ,,ស្រី,អាយុក្រោម ៥ ឆ្នាំ,,,ក្នុង ១០០ កំណើតរស់,,41.0
2000,៣.៣.១ អត្រាមរណភាពកុមារអាយុក្រោម៥ឆ្នាំ,,ប្រុស,អាយុក្រោម ៥ ឆ្នាំ,,,ក្នុង ១០០ កំណើតរស់,,132.8
2005,៣.៣.១ អត្រាមរណភាពកុមារអាយុក្រោម៥ឆ្នាំ,,ប្រុស,អាយុក្រោម ៥ ឆ្នាំ,,,ក្នុង ១០០ កំណើតរស់,,115.0
2010,៣.៣.១ អត្រាមរណភាពកុមារអាយុក្រោម៥ឆ្នាំ,,ប្រុស,អាយុក្រោម ៥ ឆ្នាំ,,,ក្នុង ១០០ កំណើតរស់,,76.0
2014,៣.៣.១ អត្រាមរណភាពកុមារអាយុក្រោម៥ឆ្នាំ,,ប្រុស,អាយុក្រោម ៥ ឆ្នាំ,,,ក្នុង ១០០ កំណើតរស់,,54.0
2000,៣.៣.១ អត្រាមរណភាពកុមារអាយុក្រោម៥ឆ្នាំ,,,អាយុក្រោម ៥ ឆ្នាំ,,,ក្នុង ១០០ កំណើតរស់,,124.4
2005,៣.៣.១ អត្រាមរណភាពកុមារអាយុក្រោម៥ឆ្នាំ,,,អាយុក្រោម ៥ ឆ្នាំ,,,ក្នុង ១០០ កំណើតរស់,,83.0
2010,៣.៣.១ អត្រាមរណភាពកុមារអាយុក្រោម៥ឆ្នាំ,,,អាយុក្រោម ៥ ឆ្នាំ,,,ក្នុង ១០០ កំណើតរស់,,54.0
2014,៣.៣.១ អត្រាមរណភាពកុមារអាយុក្រោម៥ឆ្នាំ,,,អាយុក្រោម ៥ ឆ្នាំ,,,ក្នុង ១០០ កំណើតរស់,,35.0
2021,៣.៣.១ អត្រាមរណភាពកុមារអាយុក្រោម៥ឆ្នាំ,,,អាយុក្រោម ៥ ឆ្នាំ,,,ក្នុង ១០០ កំណើតរស់,,16.0
2005,៣.៣.១ អត្រាមរណភាពកុមារអាយុក្រោម៥ឆ្នាំ,,,អាយុក្រោម ៥ ឆ្នាំ,,ឃ្វីនទី ១ (ក្របំផុត),ក្នុង ១០០ កំណើតរស់,,127.0
2010,៣.៣.១ អត្រាមរណភាពកុមារអាយុក្រោម៥ឆ្នាំ,,,អាយុក្រោម ៥ ឆ្នាំ,,ឃ្វីនទី ១ (ក្របំផុត),ក្នុង ១០០ កំណើតរស់,,90.0
2014,៣.៣.១ អត្រាមរណភាពកុមារអាយុក្រោម៥ឆ្នាំ,,,អាយុក្រោម ៥ ឆ្នាំ,,ឃ្វីនទី ១ (ក្របំផុត),ក្នុង ១០០ កំណើតរស់,,76.0
2005,៣.៣.១ អត្រាមរណភាពកុមារអាយុក្រោម៥ឆ្នាំ,,,អាយុក្រោម ៥ ឆ្នាំ,,ឃ្វីនទី ២,ក្នុង ១០០ កំណើតរស់,,129.0
2010,៣.៣.១ អត្រាមរណភាពកុមារអាយុក្រោម៥ឆ្នាំ,,,អាយុក្រោម ៥ ឆ្នាំ,,ឃ្វីនទី ២,ក្នុង ១០០ កំណើតរស់,,83.0
2014,៣.៣.១ អត្រាមរណភាពកុមារអាយុក្រោម៥ឆ្នាំ,,,អាយុក្រោម ៥ ឆ្នាំ,,ឃ្វីនទី ២,ក្នុង ១០០ កំណើតរស់,,56.0
2005,៣.៣.១ អត្រាមរណភាពកុមារអាយុក្រោម៥ឆ្នាំ,,,អាយុក្រោម ៥ ឆ្នាំ,,ឃ្វីនទី ៣,ក្នុង ១០០ កំណើតរស់,,114.0
2010,៣.៣.១ អត្រាមរណភាពកុមារអាយុក្រោម៥ឆ្នាំ,,,អាយុក្រោម ៥ ឆ្នាំ,,ឃ្វីនទី ៣,ក្នុង ១០០ កំណើតរស់,,68.0
2014,៣.៣.១ អត្រាមរណភាពកុមារអាយុក្រោម៥ឆ្នាំ,,,អាយុក្រោម ៥ ឆ្នាំ,,ឃ្វីនទី ៣,ក្នុង ១០០ កំណើតរស់,,41.0
2005,៣.៣.១ អត្រាមរណភាពកុមារអាយុក្រោម៥ឆ្នាំ,,,អាយុក្រោម ៥ ឆ្នាំ,,ឃ្វីនទី ៤,ក្នុង ១០០ កំណើតរស់,,92.0
2010,៣.៣.១ អត្រាមរណភាពកុមារអាយុក្រោម៥ឆ្នាំ,,,អាយុក្រោម ៥ ឆ្នាំ,,ឃ្វីនទី ៤,ក្នុង ១០០ កំណើតរស់,,49.0
2014,៣.៣.១ អត្រាមរណភាពកុមារអាយុក្រោម៥ឆ្នាំ,,,អាយុក្រោម ៥ ឆ្នាំ,,ឃ្វីនទី ៤,ក្នុង ១០០ កំណើតរស់,,33.0
2005,៣.៣.១ អត្រាមរណភាពកុមារអាយុក្រោម៥ឆ្នាំ,,,អាយុក្រោម ៥ ឆ្នាំ,,ឃ្វីនទី ៥ (មានជាងគេបំផុត),ក្នុង ១០០ កំណើតរស់,,43.0
2010,៣.៣.១ អត្រាមរណភាពកុមារអាយុក្រោម៥ឆ្នាំ,,,អាយុក្រោម ៥ ឆ្នាំ,,ឃ្វីនទី ៥ (មានជាងគេបំផុត),ក្នុង ១០០ កំណើតរស់,,30.0
2014,៣.៣.១ អត្រាមរណភាពកុមារអាយុក្រោម៥ឆ្នាំ,,,អាយុក្រោម ៥ ឆ្នាំ,,ឃ្វីនទី ៥ (មានជាងគេបំផុត),ក្នុង ១០០ កំណើតរស់,,19.0
2000,៣.៣.១ អត្រាមរណភាពកុមារអាយុក្រោម៥ឆ្នាំ,,,អាយុក្រោម ៥ ឆ្នាំ,ទីប្រជុំជន,,ក្នុង ១០០ កំណើតរស់,,92.6
2005,៣.៣.១ អត្រាមរណភាពកុមារអាយុក្រោម៥ឆ្នាំ,,,អាយុក្រោម ៥ ឆ្នាំ,ទីប្រជុំជន,,ក្នុង ១០០ កំណើតរស់,,76.0
2010,៣.៣.១ អត្រាមរណភាពកុមារអាយុក្រោម៥ឆ្នាំ,,,អាយុក្រោម ៥ ឆ្នាំ,ទីប្រជុំជន,,ក្នុង ១០០ កំណើតរស់,,29.0
2014,៣.៣.១ អត្រាមរណភាពកុមារអាយុក្រោម៥ឆ្នាំ,,,អាយុក្រោម ៥ ឆ្នាំ,ទីប្រជុំជន,,ក្នុង ១០០ កំណើតរស់,,18.0
2000,៣.៣.១ អត្រាមរណភាពកុមារអាយុក្រោម៥ឆ្នាំ,,,អាយុក្រោម ៥ ឆ្នាំ,ជនបទ,,ក្នុង ១០០ កំណើតរស់,,126.0
2005,៣.៣.១ អត្រាមរណភាពកុមារអាយុក្រោម៥ឆ្នាំ,,,អាយុក្រោម ៥ ឆ្នាំ,ជនបទ,,ក្នុង ១០០ កំណើតរស់,,111.0
2010,៣.៣.១ អត្រាមរណភាពកុមារអាយុក្រោម៥ឆ្នាំ,,,អាយុក្រោម ៥ ឆ្នាំ,ជនបទ,,ក្នុង ១០០ កំណើតរស់,,75.0
2014,៣.៣.១ អត្រាមរណភាពកុមារអាយុក្រោម៥ឆ្នាំ,,,អាយុក្រោម ៥ ឆ្នាំ,ជនបទ,,ក្នុង ១០០ កំណើតរស់,,52.0
2000,៣.៣.១ អត្រាមរណភាពកុមារអាយុក្រោម៥ឆ្នាំ,បន្ទាយមានជ័យ,,អាយុក្រោម ៥ ឆ្នាំ,,,ក្នុង ១០០ កំណើតរស់,KH01,107.7
2005,៣.៣.១ អត្រាមរណភាពកុមារអាយុក្រោម៥ឆ្នាំ,បន្ទាយមានជ័យ,,អាយុក្រោម ៥ ឆ្នាំ,,,ក្នុង ១០០ កំណើតរស់,KH01,96.0
2010,៣.៣.១ អត្រាមរណភាពកុមារអាយុក្រោម៥ឆ្នាំ,បន្ទាយមានជ័យ,,អាយុក្រោម ៥ ឆ្នាំ,,,ក្នុង ១០០ កំណើតរស់,KH01,76.0
2014,៣.៣.១ អត្រាមរណភាពកុមារអាយុក្រោម៥ឆ្នាំ,បន្ទាយមានជ័យ,,អាយុក្រោម ៥ ឆ្នាំ,,,ក្នុង ១០០ កំណើតរស់,KH01,32.0
2000,៣.៣.១ អត្រាមរណភាពកុមារអាយុក្រោម៥ឆ្នាំ,កំពង់ចាម,,អាយុក្រោម ៥ ឆ្នាំ,,,ក្នុង ១០០ កំណើតរស់,KH03,133.8
2005,៣.៣.១ អត្រាមរណភាពកុមារអាយុក្រោម៥ឆ្នាំ,កំពង់ចាម,,អាយុក្រោម ៥ ឆ្នាំ,,,ក្នុង ១០០ កំណើតរស់,KH03,111.0
2010,៣.៣.១ អត្រាមរណភាពកុមារអាយុក្រោម៥ឆ្នាំ,កំពង់ចាម,,អាយុក្រោម ៥ ឆ្នាំ,,,ក្នុង ១០០ កំណើតរស់,KH03,58.0
2014,៣.៣.១ អត្រាមរណភាពកុមារអាយុក្រោម៥ឆ្នាំ,កំពង់ចាម,,អាយុក្រោម ៥ ឆ្នាំ,,,ក្នុង ១០០ កំណើតរស់,KH03,48.0
2000,៣.៣.១ អត្រាមរណភាពកុមារអាយុក្រោម៥ឆ្នាំ,កំពង់ឆ្នាំង,,អាយុក្រោម ៥ ឆ្នាំ,,,ក្នុង ១០០ កំណើតរស់,KH04,160.0
2005,៣.៣.១ អត្រាមរណភាពកុមារអាយុក្រោម៥ឆ្នាំ,កំពង់ឆ្នាំង,,អាយុក្រោម ៥ ឆ្នាំ,,,ក្នុង ១០០ កំណើតរស់,KH04,101.0
2010,៣.៣.១ អត្រាមរណភាពកុមារអាយុក្រោម៥ឆ្នាំ,កំពង់ឆ្នាំង,,អាយុក្រោម ៥ ឆ្នាំ,,,ក្នុង ១០០ កំណើតរស់,KH04,97.0
2014,៣.៣.១ អត្រាមរណភាពកុមារអាយុក្រោម៥ឆ្នាំ,កំពង់ឆ្នាំង,,អាយុក្រោម ៥ ឆ្នាំ,,,ក្នុង ១០០ កំណើតរស់,KH04,55.0
2000,៣.៣.១ អត្រាមរណភាពកុមារអាយុក្រោម៥ឆ្នាំ,កំពង់ស្ពឺ,,អាយុក្រោម ៥ ឆ្នាំ,,,ក្នុង ១០០ កំណើតរស់,KH05,89.5
2005,៣.៣.១ អត្រាមរណភាពកុមារអាយុក្រោម៥ឆ្នាំ,កំពង់ស្ពឺ,,អាយុក្រោម ៥ ឆ្នាំ,,,ក្នុង ១០០ កំណើតរស់,KH05,122.0
2010,៣.៣.១ អត្រាមរណភាពកុមារអាយុក្រោម៥ឆ្នាំ,កំពង់ស្ពឺ,,អាយុក្រោម ៥ ឆ្នាំ,,,ក្នុង ១០០ កំណើតរស់,KH05,73.0
2014,៣.៣.១ អត្រាមរណភាពកុមារអាយុក្រោម៥ឆ្នាំ,កំពង់ស្ពឺ,,អាយុក្រោម ៥ ឆ្នាំ,,,ក្នុង ១០០ កំណើតរស់,KH05,31.0
2000,៣.៣.១ អត្រាមរណភាពកុមារអាយុក្រោម៥ឆ្នាំ,កំពង់ធំ,,អាយុក្រោម ៥ ឆ្នាំ,,,ក្នុង ១០០ កំណើតរស់,KH06,98.8
2005,៣.៣.១ អត្រាមរណភាពកុមារអាយុក្រោម៥ឆ្នាំ,កំពង់ធំ,,អាយុក្រោម ៥ ឆ្នាំ,,,ក្នុង ១០០ កំណើតរស់,KH06,106.0
2010,៣.៣.១ អត្រាមរណភាពកុមារអាយុក្រោម៥ឆ្នាំ,កំពង់ធំ,,អាយុក្រោម ៥ ឆ្នាំ,,,ក្នុង ១០០ កំណើតរស់,KH06,67.0
2014,៣.៣.១ អត្រាមរណភាពកុមារអាយុក្រោម៥ឆ្នាំ,កំពង់ធំ,,អាយុក្រោម ៥ ឆ្នាំ,,,ក្នុង ១០០ កំណើតរស់,KH06,60.0
2000,៣.៣.១ អត្រាមរណភាពកុមារអាយុក្រោម៥ឆ្នាំ,កណ្តាល,,អាយុក្រោម ៥ ឆ្នាំ,,,ក្នុង ១០០ កំណើតរស់,KH08,108.2
2005,៣.៣.១ អត្រាមរណភាពកុមារអាយុក្រោម៥ឆ្នាំ,កណ្តាល,,អាយុក្រោម ៥ ឆ្នាំ,,,ក្នុង ១០០ កំណើតរស់,KH08,101.0
2010,៣.៣.១ អត្រាមរណភាពកុមារអាយុក្រោម៥ឆ្នាំ,កណ្តាល,,អាយុក្រោម ៥ ឆ្នាំ,,,ក្នុង ១០០ កំណើតរស់,KH08,69.0
2014,៣.៣.១ អត្រាមរណភាពកុមារអាយុក្រោម៥ឆ្នាំ,កណ្តាល,,អាយុក្រោម ៥ ឆ្នាំ,,,ក្នុង ១០០ កំណើតរស់,KH08,40.0
2000,៣.៣.១ អត្រាមរណភាពកុមារអាយុក្រោម៥ឆ្នាំ,កោះកុង,,អាយុក្រោម ៥ ឆ្នាំ,,,ក្នុង ១០០ កំណើតរស់,KH09,90.8
2005,៣.៣.១ អត្រាមរណភាពកុមារអាយុក្រោម៥ឆ្នាំ,ខេត្តក្រចេះ,,អាយុក្រោម ៥ ឆ្នាំ,,,ក្នុង ១០០ កំណើតរស់,KH10,116.0
2010,៣.៣.១ អត្រាមរណភាពកុមារអាយុក្រោម៥ឆ្នាំ,ខេត្តក្រចេះ,,អាយុក្រោម ៥ ឆ្នាំ,,,ក្នុង ១០០ កំណើតរស់,KH10,86.0
2014,៣.៣.១ អត្រាមរណភាពកុមារអាយុក្រោម៥ឆ្នាំ,ខេត្តក្រចេះ,,អាយុក្រោម ៥ ឆ្នាំ,,,ក្នុង ១០០ កំណើតរស់,KH10,80.0
2005,៣.៣.១ អត្រាមរណភាពកុមារអាយុក្រោម៥ឆ្នាំ,ឧត្តរមានជ័យ,,អាយុក្រោម ៥ ឆ្នាំ,,,ក្នុង ១០០ កំណើតរស់,KH22,110.0
2010,៣.៣.១ អត្រាមរណភាពកុមារអាយុក្រោម៥ឆ្នាំ,ឧត្តរមានជ័យ,,អាយុក្រោម ៥ ឆ្នាំ,,,ក្នុង ១០០ កំណើតរស់,KH22,47.0
2014,៣.៣.១ អត្រាមរណភាពកុមារអាយុក្រោម៥ឆ្នាំ,ឧត្តរមានជ័យ,,អាយុក្រោម ៥ ឆ្នាំ,,,ក្នុង ១០០ កំណើតរស់,KH22,41.0
2000,៣.៣.១ អត្រាមរណភាពកុមារអាយុក្រោម៥ឆ្នាំ,ភ្នំពេញ,,អាយុក្រោម ៥ ឆ្នាំ,,,ក្នុង ១០០ កំណើតរស់,KH12,49.7
2005,៣.៣.១ អត្រាមរណភាពកុមារអាយុក្រោម៥ឆ្នាំ,ភ្នំពេញ,,អាយុក្រោម ៥ ឆ្នាំ,,,ក្នុង ១០០ កំណើតរស់,KH12,52.0
2010,៣.៣.១ អត្រាមរណភាពកុមារអាយុក្រោម៥ឆ្នាំ,ភ្នំពេញ,,អាយុក្រោម ៥ ឆ្នាំ,,,ក្នុង ១០០ កំណើតរស់,KH12,18.0
2014,៣.៣.១ អត្រាមរណភាពកុមារអាយុក្រោម៥ឆ្នាំ,ភ្នំពេញ,,អាយុក្រោម ៥ ឆ្នាំ,,,ក្នុង ១០០ កំណើតរស់,KH12,23.0
2000,៣.៣.១ អត្រាមរណភាពកុមារអាយុក្រោម៥ឆ្នាំ,ព្រៃវែង,,អាយុក្រោម ៥ ឆ្នាំ,,,ក្នុង ១០០ កំណើតរស់,KH14,151.3
2005,៣.៣.១ អត្រាមរណភាពកុមារអាយុក្រោម៥ឆ្នាំ,ព្រៃវែង,,អាយុក្រោម ៥ ឆ្នាំ,,,ក្នុង ១០០ កំណើតរស់,KH14,143.0
2010,៣.៣.១ អត្រាមរណភាពកុមារអាយុក្រោម៥ឆ្នាំ,ព្រៃវែង,,អាយុក្រោម ៥ ឆ្នាំ,,,ក្នុង ១០០ កំណើតរស់,KH14,74.0
2014,៣.៣.១ អត្រាមរណភាពកុមារអាយុក្រោម៥ឆ្នាំ,ព្រៃវែង,,អាយុក្រោម ៥ ឆ្នាំ,,,ក្នុង ១០០ កំណើតរស់,KH14,75.0
2000,៣.៣.១ អត្រាមរណភាពកុមារអាយុក្រោម៥ឆ្នាំ,ពោធិសាត់,,អាយុក្រោម ៥ ឆ្នាំ,,,ក្នុង ១០០ កំណើតរស់,KH15,172.7
2005,៣.៣.១ អត្រាមរណភាពកុមារអាយុក្រោម៥ឆ្នាំ,ពោធិសាត់,,អាយុក្រោម ៥ ឆ្នាំ,,,ក្នុង ១០០ កំណើតរស់,KH15,106.0
2010,៣.៣.១ អត្រាមរណភាពកុមារអាយុក្រោម៥ឆ្នាំ,ពោធិសាត់,,អាយុក្រោម ៥ ឆ្នាំ,,,ក្នុង ១០០ កំណើតរស់,KH15,57.0
2014,៣.៣.១ អត្រាមរណភាពកុមារអាយុក្រោម៥ឆ្នាំ,ពោធិសាត់,,អាយុក្រោម ៥ ឆ្នាំ,,,ក្នុង ១០០ កំណើតរស់,KH15,36.0
2005,៣.៣.១ អត្រាមរណភាពកុមារអាយុក្រោម៥ឆ្នាំ,សៀមរាប,,អាយុក្រោម ៥ ឆ្នាំ,,,ក្នុង ១០០ កំណើតរស់,KH17,94.0
2010,៣.៣.១ អត្រាមរណភាពកុមារអាយុក្រោម៥ឆ្នាំ,សៀមរាប,,អាយុក្រោម ៥ ឆ្នាំ,,,ក្នុង ១០០ កំណើតរស់,KH17,60.0
2014,៣.៣.១ អត្រាមរណភាពកុមារអាយុក្រោម៥ឆ្នាំ,សៀមរាប,,អាយុក្រោម ៥ ឆ្នាំ,,,ក្នុង ១០០ កំណើតរស់,KH17,56.0
2000,៣.៣.១ អត្រាមរណភាពកុមារអាយុក្រោម៥ឆ្នាំ,ស្វាយរៀង,,អាយុក្រោម ៥ ឆ្នាំ,,,ក្នុង ១០០ កំណើតរស់,KH20,129.6
2005,៣.៣.១ អត្រាមរណភាពកុមារអាយុក្រោម៥ឆ្នាំ,ស្វាយរៀង,,អាយុក្រោម ៥ ឆ្នាំ,,,ក្នុង ១០០ កំណើតរស់,KH20,110.0
2010,៣.៣.១ អត្រាមរណភាពកុមារអាយុក្រោម៥ឆ្នាំ,ស្វាយរៀង,,អាយុក្រោម ៥ ឆ្នាំ,,,ក្នុង ១០០ កំណើតរស់,KH20,93.0
2014,៣.៣.១ អត្រាមរណភាពកុមារអាយុក្រោម៥ឆ្នាំ,ស្វាយរៀង,,អាយុក្រោម ៥ ឆ្នាំ,,,ក្នុង ១០០ កំណើតរស់,KH20,63.0
2000,៣.៣.១ អត្រាមរណភាពកុមារអាយុក្រោម៥ឆ្នាំ,តាកែវ,,អាយុក្រោម ៥ ឆ្នាំ,,,ក្នុង ១០០ កំណើតរស់,KH21,118.5
2005,៣.៣.១ អត្រាមរណភាពកុមារអាយុក្រោម៥ឆ្នាំ,តាកែវ,,អាយុក្រោម ៥ ឆ្នាំ,,,ក្នុង ១០០ កំណើតរស់,KH21,102.0
2010,៣.៣.១ អត្រាមរណភាពកុមារអាយុក្រោម៥ឆ្នាំ,តាកែវ,,អាយុក្រោម ៥ ឆ្នាំ,,,ក្នុង ១០០ កំណើតរស់,KH21,84.0
2014,៣.៣.១ អត្រាមរណភាពកុមារអាយុក្រោម៥ឆ្នាំ,តាកែវ,,អាយុក្រោម ៥ ឆ្នាំ,,,ក្នុង ១០០ កំណើតរស់,KH21,31.0
2000,៣.៣.១ អត្រាមរណភាពកុមារអាយុក្រោម៥ឆ្នាំ,ខេត្តបាត់ដំបងនិងប៉ៃលិន,,អាយុក្រោម ៥ ឆ្នាំ,,,ក្នុង ១០០ កំណើតរស់,KH_AGG_KH02_KH24,126.6
2005,៣.៣.១ អត្រាមរណភាពកុមារអាយុក្រោម៥ឆ្នាំ,ខេត្តបាត់ដំបងនិងប៉ៃលិន,,អាយុក្រោម ៥ ឆ្នាំ,,,ក្នុង ១០០ កំណើតរស់,KH_AGG_KH02_KH24,116.0
2010,៣.៣.១ អត្រាមរណភាពកុមារអាយុក្រោម៥ឆ្នាំ,ខេត្តបាត់ដំបងនិងប៉ៃលិន,,អាយុក្រោម ៥ ឆ្នាំ,,,ក្នុង ១០០ កំណើតរស់,KH_AGG_KH02_KH24,54.0
2014,៣.៣.១ អត្រាមរណភាពកុមារអាយុក្រោម៥ឆ្នាំ,ខេត្តបាត់ដំបងនិងប៉ៃលិន,,អាយុក្រោម ៥ ឆ្នាំ,,,ក្នុង ១០០ កំណើតរស់,KH_AGG_KH02_KH24,37.0
2000,៣.៣.១ អត្រាមរណភាពកុមារអាយុក្រោម៥ឆ្នាំ,កំពតព្រះសីហនុនិងកែប,,អាយុក្រោម ៥ ឆ្នាំ,,,ក្នុង ១០០ កំណើតរស់,KH_AGG_KH07_KH18_KH23,124.4
2000,៣.៣.១ អត្រាមរណភាពកុមារអាយុក្រោម៥ឆ្នាំ,ខេត្តក្រចេះព្រះវិហារនិងស្ទឹងត្រែង,,អាយុក្រោម ៥ ឆ្នាំ,,,ក្នុង ១០០ កំណើតរស់,KH_AGG_KH10_KH13_KH19,119.5
2000,៣.៣.១ អត្រាមរណភាពកុមារអាយុក្រោម៥ឆ្នាំ,មណ្ឌលគីរីនិងរតនគិរី,,អាយុក្រោម ៥ ឆ្នាំ,,,ក្នុង ១០០ កំណើតរស់,KH_AGG_KH11_KH16,229.3
2005,៣.៣.១ អត្រាមរណភាពកុមារអាយុក្រោម៥ឆ្នាំ,មណ្ឌលគីរីនិងរតនគិរី,,អាយុក្រោម ៥ ឆ្នាំ,,,ក្នុង ១០០ កំណើតរស់,KH_AGG_KH11_KH16,165.0
2010,៣.៣.១ អត្រាមរណភាពកុមារអាយុក្រោម៥ឆ្នាំ,មណ្ឌលគីរីនិងរតនគិរី,,អាយុក្រោម ៥ ឆ្នាំ,,,ក្នុង ១០០ កំណើតរស់,KH_AGG_KH11_KH16,106.0
2014,៣.៣.១ អត្រាមរណភាពកុមារអាយុក្រោម៥ឆ្នាំ,មណ្ឌលគីរីនិងរតនគិរី,,អាយុក្រោម ៥ ឆ្នាំ,,,ក្នុង ១០០ កំណើតរស់,KH_AGG_KH11_KH16,80.0
2000,៣.៣.១ អត្រាមរណភាពកុមារអាយុក្រោម៥ឆ្នាំ,ឧត្តរមានជ័យនិងសៀមរាប,,អាយុក្រោម ៥ ឆ្នាំ,,,ក្នុង ១០០ កំណើតរស់,KH_AGG_KH22_KH17,124.6
2005,៣.៣.១ អត្រាមរណភាពកុមារអាយុក្រោម៥ឆ្នាំ,កំពតនិងកែប,,អាយុក្រោម ៥ ឆ្នាំ,,,ក្នុង ១០០ កំណើតរស់,KH_AGG_KH07_KH23,83.0
2010,៣.៣.១ អត្រាមរណភាពកុមារអាយុក្រោម៥ឆ្នាំ,កំពតនិងកែប,,អាយុក្រោម ៥ ឆ្នាំ,,,ក្នុង ១០០ កំណើតរស់,KH_AGG_KH07_KH23,73.0
2014,៣.៣.១ អត្រាមរណភាពកុមារអាយុក្រោម៥ឆ្នាំ,កំពតនិងកែប,,អាយុក្រោម ៥ ឆ្នាំ,,,ក្នុង ១០០ កំណើតរស់,KH_AGG_KH07_KH23,44.0
2005,៣.៣.១ អត្រាមរណភាពកុមារអាយុក្រោម៥ឆ្នាំ,កោះកុងនិងព្រះសីហនុ,,អាយុក្រោម ៥ ឆ្នាំ,,,ក្នុង ១០០ កំណើតរស់,KH_KH09_KH18,104.0
2010,៣.៣.១ អត្រាមរណភាពកុមារអាយុក្រោម៥ឆ្នាំ,កោះកុងនិងព្រះសីហនុ,,អាយុក្រោម ៥ ឆ្នាំ,,,ក្នុង ១០០ កំណើតរស់,KH_KH09_KH18,63.0
2014,៣.៣.១ អត្រាមរណភាពកុមារអាយុក្រោម៥ឆ្នាំ,កោះកុងនិងព្រះសីហនុ,,អាយុក្រោម ៥ ឆ្នាំ,,,ក្នុង ១០០ កំណើតរស់,KH_KH09_KH18,42.0
2005,៣.៣.១ អត្រាមរណភាពកុមារអាយុក្រោម៥ឆ្នាំ,ព្រះវិហារនិងស្ទឹងត្រែង,,អាយុក្រោម ៥ ឆ្នាំ,,,ក្នុង ១០០ កំណើតរស់,KH_AGG_KH13_KH19,146.0
2010,៣.៣.១ អត្រាមរណភាពកុមារអាយុក្រោម៥ឆ្នាំ,ព្រះវិហារនិងស្ទឹងត្រែង,,អាយុក្រោម ៥ ឆ្នាំ,,,ក្នុង ១០០ កំណើតរស់,KH_AGG_KH13_KH19,118.0
2014,៣.៣.១ អត្រាមរណភាពកុមារអាយុក្រោម៥ឆ្នាំ,ព្រះវិហារនិងស្ទឹងត្រែង,,អាយុក្រោម ៥ ឆ្នាំ,,,ក្នុង ១០០ កំណើតរស់,KH_AGG_KH13_KH19,79.0
