Year,SERIES,តំបន់យោង,UNIT_MEASURE,GeoCode,Value
2015,៣.៤.៣ អាំងស៊ីដង់(ករណីឆ្លងថ្មី)នៃជំងឺគ្រុនចាញ់,,ក្នុង ១.០០០ នាក់,,2.0
2016,៣.៤.៣ អាំងស៊ីដង់(ករណីឆ្លងថ្មី)នៃជំងឺគ្រុនចាញ់,,ក្នុង ១.០០០ នាក់,,1.85
2017,៣.៤.៣ អាំងស៊ីដង់(ករណីឆ្លងថ្មី)នៃជំងឺគ្រុនចាញ់,,ក្នុង ១.០០០ នាក់,,1.65
2018,៣.៤.៣ អាំងស៊ីដង់(ករណីឆ្លងថ្មី)នៃជំងឺគ្រុនចាញ់,,ក្នុង ១.០០០ នាក់,,1.45
2019,៣.៤.៣ អាំងស៊ីដង់(ករណីឆ្លងថ្មី)នៃជំងឺគ្រុនចាញ់,,ក្នុង ១.០០០ នាក់,,1.25
2020,៣.៤.៣ អាំងស៊ីដង់(ករណីឆ្លងថ្មី)នៃជំងឺគ្រុនចាញ់,,ក្នុង ១.០០០ នាក់,,1.05
