Year,SERIES,តំបន់យោង,UNIT_MEASURE,GeoCode,Value
2000,"៣.៤.២ អាំងស៊ីដង់ (ករណីឆ្លងថ្មី) នៃជំងឺរបេង ក្នុង ១០០,០០០ ប្រជាជន",,ក្នុង ១.០០០ នាក់,,254
2005,"៣.៤.២ អាំងស៊ីដង់ (ករណីឆ្លងថ្មី) នៃជំងឺរបេង ក្នុង ១០០,០០០ ប្រជាជន",,ក្នុង ១.០០០ នាក់,,175
2010,"៣.៤.២ អាំងស៊ីដង់ (ករណីឆ្លងថ្មី) នៃជំងឺរបេង ក្នុង ១០០,០០០ ប្រជាជន",,ក្នុង ១.០០០ នាក់,,125
2015,"៣.៤.២ អាំងស៊ីដង់ (ករណីឆ្លងថ្មី) នៃជំងឺរបេង ក្នុង ១០០,០០០ ប្រជាជន",,ក្នុង ១.០០០ នាក់,,380
2016,"៣.៤.២ អាំងស៊ីដង់ (ករណីឆ្លងថ្មី) នៃជំងឺរបេង ក្នុង ១០០,០០០ ប្រជាជន",,ក្នុង ១.០០០ នាក់,,365
2017,"៣.៤.២ អាំងស៊ីដង់ (ករណីឆ្លងថ្មី) នៃជំងឺរបេង ក្នុង ១០០,០០០ ប្រជាជន",,ក្នុង ១.០០០ នាក់,,350
2018,"៣.៤.២ អាំងស៊ីដង់ (ករណីឆ្លងថ្មី) នៃជំងឺរបេង ក្នុង ១០០,០០០ ប្រជាជន",,ក្នុង ១.០០០ នាក់,,336
2019,"៣.៤.២ អាំងស៊ីដង់ (ករណីឆ្លងថ្មី) នៃជំងឺរបេង ក្នុង ១០០,០០០ ប្រជាជន",,ក្នុង ១.០០០ នាក់,,323
2020,"៣.៤.២ អាំងស៊ីដង់ (ករណីឆ្លងថ្មី) នៃជំងឺរបេង ក្នុង ១០០,០០០ ប្រជាជន",,ក្នុង ១.០០០ នាក់,,281
