Year,SERIES,តំបន់យោង,UNIT_MEASURE,GeoCode,Value
2015,៤.២.១ ភាគរយសិស្សថ្នាក់ទី១ បានឆ្លងកាត់កម្មវិធីអប់រំកុមារតូចគ្រប់រូបភាព,,ភាគរយ,,62.0
2016,៤.២.១ ភាគរយសិស្សថ្នាក់ទី១ បានឆ្លងកាត់កម្មវិធីអប់រំកុមារតូចគ្រប់រូបភាព,,ភាគរយ,,63.4
2017,៤.២.១ ភាគរយសិស្សថ្នាក់ទី១ បានឆ្លងកាត់កម្មវិធីអប់រំកុមារតូចគ្រប់រូបភាព,,ភាគរយ,,64.0
2018,៤.២.១ ភាគរយសិស្សថ្នាក់ទី១ បានឆ្លងកាត់កម្មវិធីអប់រំកុមារតូចគ្រប់រូបភាព,,ភាគរយ,,65.0
2019,៤.២.១ ភាគរយសិស្សថ្នាក់ទី១ បានឆ្លងកាត់កម្មវិធីអប់រំកុមារតូចគ្រប់រូបភាព,,ភាគរយ,,65.5
2020,៤.២.១ ភាគរយសិស្សថ្នាក់ទី១ បានឆ្លងកាត់កម្មវិធីអប់រំកុមារតូចគ្រប់រូបភាព,,ភាគរយ,,68.0
