Year,SERIES,តំបន់យោង,UNIT_MEASURE,GeoCode,Value
2015,៤.២.២ អត្រារួមនៃការសិក្សានៅមត្តេយ្យសិក្សា,,ភាគរយ,,35.3
2016,៤.២.២ អត្រារួមនៃការសិក្សានៅមត្តេយ្យសិក្សា,,ភាគរយ,,37.0
2017,៤.២.២ អត្រារួមនៃការសិក្សានៅមត្តេយ្យសិក្សា,,ភាគរយ,,41.0
2018,៤.២.២ អត្រារួមនៃការសិក្សានៅមត្តេយ្យសិក្សា,,ភាគរយ,,41.8
2019,៤.២.២ អត្រារួមនៃការសិក្សានៅមត្តេយ្យសិក្សា,,ភាគរយ,,42.7
2020,៤.២.២ អត្រារួមនៃការសិក្សានៅមត្តេយ្យសិក្សា,,ភាគរយ,,43.5
