Year,SERIES,តំបន់យោង,UNIT_MEASURE,Value
2015,៤.គ.៥ ភាគរយគូ្របង្រៀនដែលបានទទួលការបណ្តុះបណ្តាលវិកឹ្រតការ,,ភាគរយ,2.0
2016,៤.គ.៥ ភាគរយគូ្របង្រៀនដែលបានទទួលការបណ្តុះបណ្តាលវិកឹ្រតការ,,ភាគរយ,3.9
2017,៤.គ.៥ ភាគរយគូ្របង្រៀនដែលបានទទួលការបណ្តុះបណ្តាលវិកឹ្រតការ,,ភាគរយ,5.9
2018,៤.គ.៥ ភាគរយគូ្របង្រៀនដែលបានទទួលការបណ្តុះបណ្តាលវិកឹ្រតការ,,ភាគរយ,9.5
2019,៤.គ.៥ ភាគរយគូ្របង្រៀនដែលបានទទួលការបណ្តុះបណ្តាលវិកឹ្រតការ,,ភាគរយ,11.2
2020,៤.គ.៥ ភាគរយគូ្របង្រៀនដែលបានទទួលការបណ្តុះបណ្តាលវិកឹ្រតការ,,ភាគរយ,12.9
