Year,SERIES,តំបន់យោង,ការរួមភេទ,អាយុ,UNIT_MEASURE,Value
2016,"៥.៣.១ សមាមាត្ររបស់ស្តី្រអាយុពី២០ដល់២៤ឆ្នាំដែលបានរៀបការឬរស់នៅជាមួយគ្នា
មុនអាយុ១៨ឆ្នាំ",,ស្រី,អាយុពី ២០ ទៅ ២៤ ឆ្នាំ,ភាគរយ,1.9
2018,"៥.៣.១ សមាមាត្ររបស់ស្តី្រអាយុពី២០ដល់២៤ឆ្នាំដែលបានរៀបការឬរស់នៅជាមួយគ្នា
មុនអាយុ១៨ឆ្នាំ",,ស្រី,អាយុពី ២០ ទៅ ២៤ ឆ្នាំ,ភាគរយ,1.8
