Year,SERIES,តំបន់យោង,ភេទ,UNIT_MEASURE,GeoCode,Value
2008,៥.៥.១ សមាមាត្រអាសនៈរបស់្រសី្តនៅក្នុងស្ថាប័ននីតិប្បញ្ញត្តិ,,ស្រី,ភាគរយ,,18.37
2009,៥.៥.១ សមាមាត្រអាសនៈរបស់្រសី្តនៅក្នុងស្ថាប័ននីតិប្បញ្ញត្តិ,,ស្រី,ភាគរយ,,18.37
2010,៥.៥.១ សមាមាត្រអាសនៈរបស់្រសី្តនៅក្នុងស្ថាប័ននីតិប្បញ្ញត្តិ,,ស្រី,ភាគរយ,,17.05
2015,៥.៥.១ សមាមាត្រអាសនៈរបស់្រសី្តនៅក្នុងស្ថាប័ននីតិប្បញ្ញត្តិ,,ស្រី,ភាគរយ,,17.8
2016,៥.៥.១ សមាមាត្រអាសនៈរបស់្រសី្តនៅក្នុងស្ថាប័ននីតិប្បញ្ញត្តិ,,ស្រី,ភាគរយ,,17.8
2018,៥.៥.១ សមាមាត្រអាសនៈរបស់្រសី្តនៅក្នុងស្ថាប័ននីតិប្បញ្ញត្តិ,,ស្រី,ភាគរយ,,25.0
