Year,SERIES,តំបន់យោង,ការរួមភេទ,UNIT_MEASURE,Value
2002,៥.៥.៣ សមាមាត្រនៃស្ដី្រជាសមាជិកក្រុមបឹ្រក្សាឃុំ សង្កាត់,,ស្រី,ភាគរយ,9.4
2007,៥.៥.៣ សមាមាត្រនៃស្ដី្រជាសមាជិកក្រុមបឹ្រក្សាឃុំ សង្កាត់,,ស្រី,ភាគរយ,15.1
2012,៥.៥.៣ សមាមាត្រនៃស្ដី្រជាសមាជិកក្រុមបឹ្រក្សាឃុំ សង្កាត់,,ស្រី,ភាគរយ,17.78
2018,៥.៥.៣ សមាមាត្រនៃស្ដី្រជាសមាជិកក្រុមបឹ្រក្សាឃុំ សង្កាត់,,ស្រី,ភាគរយ,13.93
