Year,SERIES,តំបន់យោង,UNIT_MEASURE,GeoCode,Value
2016,៥.គ.២ ចំនួនក្រសួងស្ថាប័ន ដែលបានអនុវត្តផែនការយុទ្ធសាស្រ្តបញ្រ្ជាបយេនឌ័រ,,ចំនួន,,6
2017,៥.គ.២ ចំនួនក្រសួងស្ថាប័ន ដែលបានអនុវត្តផែនការយុទ្ធសាស្រ្តបញ្រ្ជាបយេនឌ័រ,,ចំនួន,,7
2018,៥.គ.២ ចំនួនក្រសួងស្ថាប័ន ដែលបានអនុវត្តផែនការយុទ្ធសាស្រ្តបញ្រ្ជាបយេនឌ័រ,,ចំនួន,,6
2019,៥.គ.២ ចំនួនក្រសួងស្ថាប័ន ដែលបានអនុវត្តផែនការយុទ្ធសាស្រ្តបញ្រ្ជាបយេនឌ័រ,,ចំនួន,,8
2020,៥.គ.២ ចំនួនក្រសួងស្ថាប័ន ដែលបានអនុវត្តផែនការយុទ្ធសាស្រ្តបញ្រ្ជាបយេនឌ័រ,,ចំនួន,,9
