Year,SERIES,តំបន់យោង,កំរិតនគរូបនីយកម្ម,COMPOSITE_BREAKDOWN,UNIT_MEASURE,GeoCode,Value
1993,៦.២.១ សមាមាត្រប្រជារាស្រ្តប្រើប្រាស់សេវាអនាម័យបានកែលម្អ,,,,ភាគរយ,,8.6
1996,៦.២.១ សមាមាត្រប្រជារាស្រ្តប្រើប្រាស់សេវាអនាម័យបានកែលម្អ,,,,ភាគរយ,,15.4
1997,៦.២.១ សមាមាត្រប្រជារាស្រ្តប្រើប្រាស់សេវាអនាម័យបានកែលម្អ,,,,ភាគរយ,,16.7
1999,៦.២.១ សមាមាត្រប្រជារាស្រ្តប្រើប្រាស់សេវាអនាម័យបានកែលម្អ,,,,ភាគរយ,,18.4
2004,៦.២.១ សមាមាត្រប្រជារាស្រ្តប្រើប្រាស់សេវាអនាម័យបានកែលម្អ,,,,ភាគរយ,,24.7
2007,៦.២.១ សមាមាត្រប្រជារាស្រ្តប្រើប្រាស់សេវាអនាម័យបានកែលម្អ,,,,ភាគរយ,,30.5
2008,៦.២.១ សមាមាត្រប្រជារាស្រ្តប្រើប្រាស់សេវាអនាម័យបានកែលម្អ,,,,ភាគរយ,,32.8
2009,៦.២.១ សមាមាត្រប្រជារាស្រ្តប្រើប្រាស់សេវាអនាម័យបានកែលម្អ,,,,ភាគរយ,,34.0
2010,៦.២.១ សមាមាត្រប្រជារាស្រ្តប្រើប្រាស់សេវាអនាម័យបានកែលម្អ,,,,ភាគរយ,,40.0
2011,៦.២.១ សមាមាត្រប្រជារាស្រ្តប្រើប្រាស់សេវាអនាម័យបានកែលម្អ,,,,ភាគរយ,,43.6
2012,៦.២.១ សមាមាត្រប្រជារាស្រ្តប្រើប្រាស់សេវាអនាម័យបានកែលម្អ,,,,ភាគរយ,,45.2
2013,៦.២.១ សមាមាត្រប្រជារាស្រ្តប្រើប្រាស់សេវាអនាម័យបានកែលម្អ,,,,ភាគរយ,,51.7
2014,៦.២.១ សមាមាត្រប្រជារាស្រ្តប្រើប្រាស់សេវាអនាម័យបានកែលម្អ,,,,ភាគរយ,,55.9
2015,៦.២.១ សមាមាត្រប្រជារាស្រ្តប្រើប្រាស់សេវាអនាម័យបានកែលម្អ,,,,ភាគរយ,,61.8
2016,៦.២.១ សមាមាត្រប្រជារាស្រ្តប្រើប្រាស់សេវាអនាម័យបានកែលម្អ,,,,ភាគរយ,,72.9
2017,៦.២.១ សមាមាត្រប្រជារាស្រ្តប្រើប្រាស់សេវាអនាម័យបានកែលម្អ,,,,ភាគរយ,,76.0
2019,៦.២.១ សមាមាត្រប្រជារាស្រ្តប្រើប្រាស់សេវាអនាម័យបានកែលម្អ,,,,ភាគរយ,,80.36
2021,៦.២.១ សមាមាត្រប្រជារាស្រ្តប្រើប្រាស់សេវាអនាម័យបានកែលម្អ,,,,ភាគរយ,,88.0
2008,៦.២.១ សមាមាត្រប្រជារាស្រ្តប្រើប្រាស់សេវាអនាម័យបានកែលម្អ,,,ប្រភេទបង្គន់: ចាក់ទឹកភ្ជាប់ភ្ជាប់ទៅនឹងលូទឹក,ភាគរយ,,9.7
2009,៦.២.១ សមាមាត្រប្រជារាស្រ្តប្រើប្រាស់សេវាអនាម័យបានកែលម្អ,,,ប្រភេទបង្គន់: ចាក់ទឹកភ្ជាប់ភ្ជាប់ទៅនឹងលូទឹក,ភាគរយ,,9.6
2010,៦.២.១ សមាមាត្រប្រជារាស្រ្តប្រើប្រាស់សេវាអនាម័យបានកែលម្អ,,,ប្រភេទបង្គន់: ចាក់ទឹកភ្ជាប់ភ្ជាប់ទៅនឹងលូទឹក,ភាគរយ,,9.1
2011,៦.២.១ សមាមាត្រប្រជារាស្រ្តប្រើប្រាស់សេវាអនាម័យបានកែលម្អ,,,ប្រភេទបង្គន់: ចាក់ទឹកភ្ជាប់ភ្ជាប់ទៅនឹងលូទឹក,ភាគរយ,,9.0
2012,៦.២.១ សមាមាត្រប្រជារាស្រ្តប្រើប្រាស់សេវាអនាម័យបានកែលម្អ,,,ប្រភេទបង្គន់: ចាក់ទឹកភ្ជាប់ភ្ជាប់ទៅនឹងលូទឹក,ភាគរយ,,10.4
2013,៦.២.១ សមាមាត្រប្រជារាស្រ្តប្រើប្រាស់សេវាអនាម័យបានកែលម្អ,,,ប្រភេទបង្គន់: ចាក់ទឹកភ្ជាប់ភ្ជាប់ទៅនឹងលូទឹក,ភាគរយ,,11.3
2014,៦.២.១ សមាមាត្រប្រជារាស្រ្តប្រើប្រាស់សេវាអនាម័យបានកែលម្អ,,,ប្រភេទបង្គន់: ចាក់ទឹកភ្ជាប់ភ្ជាប់ទៅនឹងលូទឹក,ភាគរយ,,12.4
2015,៦.២.១ សមាមាត្រប្រជារាស្រ្តប្រើប្រាស់សេវាអនាម័យបានកែលម្អ,,,ប្រភេទបង្គន់: ចាក់ទឹកភ្ជាប់ភ្ជាប់ទៅនឹងលូទឹក,ភាគរយ,,12.6
2016,៦.២.១ សមាមាត្រប្រជារាស្រ្តប្រើប្រាស់សេវាអនាម័យបានកែលម្អ,,,ប្រភេទបង្គន់: ចាក់ទឹកភ្ជាប់ភ្ជាប់ទៅនឹងលូទឹក,ភាគរយ,,13.4
2017,៦.២.១ សមាមាត្រប្រជារាស្រ្តប្រើប្រាស់សេវាអនាម័យបានកែលម្អ,,,ប្រភេទបង្គន់: ចាក់ទឹកភ្ជាប់ភ្ជាប់ទៅនឹងលូទឹក,ភាគរយ,,11.9
2019,៦.២.១ សមាមាត្រប្រជារាស្រ្តប្រើប្រាស់សេវាអនាម័យបានកែលម្អ,,,ប្រភេទបង្គន់: ចាក់ទឹកភ្ជាប់ភ្ជាប់ទៅនឹងលូទឹក,ភាគរយ,,17.59
2021,៦.២.១ សមាមាត្រប្រជារាស្រ្តប្រើប្រាស់សេវាអនាម័យបានកែលម្អ,,,ប្រភេទបង្គន់: ចាក់ទឹកភ្ជាប់ភ្ជាប់ទៅនឹងលូទឹក,ភាគរយ,,14.9
2008,៦.២.១ សមាមាត្រប្រជារាស្រ្តប្រើប្រាស់សេវាអនាម័យបានកែលម្អ,,,ប្រភេទបង្គន់: ចាក់ FlushConnected To Septic Tank,ភាគរយ,,21.1
2009,៦.២.១ សមាមាត្រប្រជារាស្រ្តប្រើប្រាស់សេវាអនាម័យបានកែលម្អ,,,ប្រភេទបង្គន់: ចាក់ FlushConnected To Septic Tank,ភាគរយ,,24.3
2010,៦.២.១ សមាមាត្រប្រជារាស្រ្តប្រើប្រាស់សេវាអនាម័យបានកែលម្អ,,,ប្រភេទបង្គន់: ចាក់ FlushConnected To Septic Tank,ភាគរយ,,30.0
2011,៦.២.១ សមាមាត្រប្រជារាស្រ្តប្រើប្រាស់សេវាអនាម័យបានកែលម្អ,,,ប្រភេទបង្គន់: ចាក់ FlushConnected To Septic Tank,ភាគរយ,,33.1
2012,៦.២.១ សមាមាត្រប្រជារាស្រ្តប្រើប្រាស់សេវាអនាម័យបានកែលម្អ,,,ប្រភេទបង្គន់: ចាក់ FlushConnected To Septic Tank,ភាគរយ,,33.5
2013,៦.២.១ សមាមាត្រប្រជារាស្រ្តប្រើប្រាស់សេវាអនាម័យបានកែលម្អ,,,ប្រភេទបង្គន់: ចាក់ FlushConnected To Septic Tank,ភាគរយ,,39.9
2014,៦.២.១ សមាមាត្រប្រជារាស្រ្តប្រើប្រាស់សេវាអនាម័យបានកែលម្អ,,,ប្រភេទបង្គន់: ចាក់ FlushConnected To Septic Tank,ភាគរយ,,42.8
2015,៦.២.១ សមាមាត្រប្រជារាស្រ្តប្រើប្រាស់សេវាអនាម័យបានកែលម្អ,,,ប្រភេទបង្គន់: ចាក់ FlushConnected To Septic Tank,ភាគរយ,,48.3
2016,៦.២.១ សមាមាត្រប្រជារាស្រ្តប្រើប្រាស់សេវាអនាម័យបានកែលម្អ,,,ប្រភេទបង្គន់: ចាក់ FlushConnected To Septic Tank,ភាគរយ,,59.0
2017,៦.២.១ សមាមាត្រប្រជារាស្រ្តប្រើប្រាស់សេវាអនាម័យបានកែលម្អ,,,ប្រភេទបង្គន់: ចាក់ FlushConnected To Septic Tank,ភាគរយ,,63.1
2019,៦.២.១ សមាមាត្រប្រជារាស្រ្តប្រើប្រាស់សេវាអនាម័យបានកែលម្អ,,,ប្រភេទបង្គន់: ចាក់ FlushConnected To Septic Tank,ភាគរយ,,61.89
2021,៦.២.១ សមាមាត្រប្រជារាស្រ្តប្រើប្រាស់សេវាអនាម័យបានកែលម្អ,,,ប្រភេទបង្គន់: ចាក់ FlushConnected To Septic Tank,ភាគរយ,,72.6
2008,៦.២.១ សមាមាត្រប្រជារាស្រ្តប្រើប្រាស់សេវាអនាម័យបានកែលម្អ,,,ប្រភេទបង្គន់៖ បង្គន់រណ្តៅជាមួយស្លា,ភាគរយ,,2.0
2009,៦.២.១ សមាមាត្រប្រជារាស្រ្តប្រើប្រាស់សេវាអនាម័យបានកែលម្អ,,,ប្រភេទបង្គន់៖ បង្គន់រណ្តៅជាមួយស្លា,ភាគរយ,,0.8
2010,៦.២.១ សមាមាត្រប្រជារាស្រ្តប្រើប្រាស់សេវាអនាម័យបានកែលម្អ,,,ប្រភេទបង្គន់៖ បង្គន់រណ្តៅជាមួយស្លា,ភាគរយ,,0.9
2011,៦.២.១ សមាមាត្រប្រជារាស្រ្តប្រើប្រាស់សេវាអនាម័យបានកែលម្អ,,,ប្រភេទបង្គន់៖ បង្គន់រណ្តៅជាមួយស្លា,ភាគរយ,,1.5
2012,៦.២.១ សមាមាត្រប្រជារាស្រ្តប្រើប្រាស់សេវាអនាម័យបានកែលម្អ,,,ប្រភេទបង្គន់៖ បង្គន់រណ្តៅជាមួយស្លា,ភាគរយ,,1.2
2013,៦.២.១ សមាមាត្រប្រជារាស្រ្តប្រើប្រាស់សេវាអនាម័យបានកែលម្អ,,,ប្រភេទបង្គន់៖ បង្គន់រណ្តៅជាមួយស្លា,ភាគរយ,,0.5
2014,៦.២.១ សមាមាត្រប្រជារាស្រ្តប្រើប្រាស់សេវាអនាម័យបានកែលម្អ,,,ប្រភេទបង្គន់៖ បង្គន់រណ្តៅជាមួយស្លា,ភាគរយ,,0.7
2015,៦.២.១ សមាមាត្រប្រជារាស្រ្តប្រើប្រាស់សេវាអនាម័យបានកែលម្អ,,,ប្រភេទបង្គន់៖ បង្គន់រណ្តៅជាមួយស្លា,ភាគរយ,,0.9
2016,៦.២.១ សមាមាត្រប្រជារាស្រ្តប្រើប្រាស់សេវាអនាម័យបានកែលម្អ,,,ប្រភេទបង្គន់៖ បង្គន់រណ្តៅជាមួយស្លា,ភាគរយ,,0.5
2017,៦.២.១ សមាមាត្រប្រជារាស្រ្តប្រើប្រាស់សេវាអនាម័យបានកែលម្អ,,,ប្រភេទបង្គន់៖ បង្គន់រណ្តៅជាមួយស្លា,ភាគរយ,,1.0
2019,៦.២.១ សមាមាត្រប្រជារាស្រ្តប្រើប្រាស់សេវាអនាម័យបានកែលម្អ,,,ប្រភេទបង្គន់៖ បង្គន់រណ្តៅជាមួយស្លា,ភាគរយ,,0.88
2021,៦.២.១ សមាមាត្រប្រជារាស្រ្តប្រើប្រាស់សេវាអនាម័យបានកែលម្អ,,,ប្រភេទបង្គន់៖ បង្គន់រណ្តៅជាមួយស្លា,ភាគរយ,,0.5
1993,៦.២.១ សមាមាត្រប្រជារាស្រ្តប្រើប្រាស់សេវាអនាម័យបានកែលម្អ,,ទីប្រជុំជន,,ភាគរយ,,17.5
1996,៦.២.១ សមាមាត្រប្រជារាស្រ្តប្រើប្រាស់សេវាអនាម័យបានកែលម្អ,,ទីប្រជុំជន,,ភាគរយ,,32.3
1997,៦.២.១ សមាមាត្រប្រជារាស្រ្តប្រើប្រាស់សេវាអនាម័យបានកែលម្អ,,ទីប្រជុំជន,,ភាគរយ,,30.2
1999,៦.២.១ សមាមាត្រប្រជារាស្រ្តប្រើប្រាស់សេវាអនាម័យបានកែលម្អ,,ទីប្រជុំជន,,ភាគរយ,,34.3
2004,៦.២.១ សមាមាត្រប្រជារាស្រ្តប្រើប្រាស់សេវាអនាម័យបានកែលម្អ,,ទីប្រជុំជន,,ភាគរយ,,70.3
2007,៦.២.១ សមាមាត្រប្រជារាស្រ្តប្រើប្រាស់សេវាអនាម័យបានកែលម្អ,,ទីប្រជុំជន,,ភាគរយ,,76.1
2008,៦.២.១ សមាមាត្រប្រជារាស្រ្តប្រើប្រាស់សេវាអនាម័យបានកែលម្អ,,ទីប្រជុំជន,,ភាគរយ,,75.9
2009,៦.២.១ សមាមាត្រប្រជារាស្រ្តប្រើប្រាស់សេវាអនាម័យបានកែលម្អ,,ទីប្រជុំជន,,ភាគរយ,,84.8
2010,៦.២.១ សមាមាត្រប្រជារាស្រ្តប្រើប្រាស់សេវាអនាម័យបានកែលម្អ,,ទីប្រជុំជន,,ភាគរយ,,86.4
2011,៦.២.១ សមាមាត្រប្រជារាស្រ្តប្រើប្រាស់សេវាអនាម័យបានកែលម្អ,,ទីប្រជុំជន,,ភាគរយ,,87.4
2012,៦.២.១ សមាមាត្រប្រជារាស្រ្តប្រើប្រាស់សេវាអនាម័យបានកែលម្អ,,ទីប្រជុំជន,,ភាគរយ,,86.4
2013,៦.២.១ សមាមាត្រប្រជារាស្រ្តប្រើប្រាស់សេវាអនាម័យបានកែលម្អ,,ទីប្រជុំជន,,ភាគរយ,,93.0
2014,៦.២.១ សមាមាត្រប្រជារាស្រ្តប្រើប្រាស់សេវាអនាម័យបានកែលម្អ,,ទីប្រជុំជន,,ភាគរយ,,89.0
2015,៦.២.១ សមាមាត្រប្រជារាស្រ្តប្រើប្រាស់សេវាអនាម័យបានកែលម្អ,,ទីប្រជុំជន,,ភាគរយ,,92.1
2016,៦.២.១ សមាមាត្រប្រជារាស្រ្តប្រើប្រាស់សេវាអនាម័យបានកែលម្អ,,ទីប្រជុំជន,,ភាគរយ,,93.6
2017,៦.២.១ សមាមាត្រប្រជារាស្រ្តប្រើប្រាស់សេវាអនាម័យបានកែលម្អ,,ទីប្រជុំជន,,ភាគរយ,,94.4
2019,៦.២.១ សមាមាត្រប្រជារាស្រ្តប្រើប្រាស់សេវាអនាម័យបានកែលម្អ,,ទីប្រជុំជន,,ភាគរយ,,90.57
2021,៦.២.១ សមាមាត្រប្រជារាស្រ្តប្រើប្រាស់សេវាអនាម័យបានកែលម្អ,,ទីប្រជុំជន,,ភាគរយ,,95.0
1993,៦.២.១ សមាមាត្រប្រជារាស្រ្តប្រើប្រាស់សេវាអនាម័យបានកែលម្អ,,ជនបទ,,ភាគរយ,,6.2
1996,៦.២.១ សមាមាត្រប្រជារាស្រ្តប្រើប្រាស់សេវាអនាម័យបានកែលម្អ,,ជនបទ,,ភាគរយ,,7.9
1997,៦.២.១ សមាមាត្រប្រជារាស្រ្តប្រើប្រាស់សេវាអនាម័យបានកែលម្អ,,ជនបទ,,ភាគរយ,,7.8
1999,៦.២.១ សមាមាត្រប្រជារាស្រ្តប្រើប្រាស់សេវាអនាម័យបានកែលម្អ,,ជនបទ,,ភាគរយ,,10.1
2004,៦.២.១ សមាមាត្រប្រជារាស្រ្តប្រើប្រាស់សេវាអនាម័យបានកែលម្អ,,ជនបទ,,ភាគរយ,,14.8
2007,៦.២.១ សមាមាត្រប្រជារាស្រ្តប្រើប្រាស់សេវាអនាម័យបានកែលម្អ,,ជនបទ,,ភាគរយ,,20.3
2008,៦.២.១ សមាមាត្រប្រជារាស្រ្តប្រើប្រាស់សេវាអនាម័យបានកែលម្អ,,ជនបទ,,ភាគរយ,,22.8
2009,៦.២.១ សមាមាត្រប្រជារាស្រ្តប្រើប្រាស់សេវាអនាម័យបានកែលម្អ,,ជនបទ,,ភាគរយ,,22.9
2010,៦.២.១ សមាមាត្រប្រជារាស្រ្តប្រើប្រាស់សេវាអនាម័យបានកែលម្អ,,ជនបទ,,ភាគរយ,,29.2
2011,៦.២.១ សមាមាត្រប្រជារាស្រ្តប្រើប្រាស់សេវាអនាម័យបានកែលម្អ,,ជនបទ,,ភាគរយ,,33.2
2012,៦.២.១ សមាមាត្រប្រជារាស្រ្តប្រើប្រាស់សេវាអនាម័យបានកែលម្អ,,ជនបទ,,ភាគរយ,,33.3
2013,៦.២.១ សមាមាត្រប្រជារាស្រ្តប្រើប្រាស់សេវាអនាម័យបានកែលម្អ,,ជនបទ,,ភាគរយ,,40.9
2014,៦.២.១ សមាមាត្រប្រជារាស្រ្តប្រើប្រាស់សេវាអនាម័យបានកែលម្អ,,ជនបទ,,ភាគរយ,,46.9
2015,៦.២.១ សមាមាត្រប្រជារាស្រ្តប្រើប្រាស់សេវាអនាម័យបានកែលម្អ,,ជនបទ,,ភាគរយ,,53.7
2016,៦.២.១ សមាមាត្រប្រជារាស្រ្តប្រើប្រាស់សេវាអនាម័យបានកែលម្អ,,ជនបទ,,ភាគរយ,,67.4
2017,៦.២.១ សមាមាត្រប្រជារាស្រ្តប្រើប្រាស់សេវាអនាម័យបានកែលម្អ,,ជនបទ,,ភាគរយ,,71.2
2019,៦.២.១ សមាមាត្រប្រជារាស្រ្តប្រើប្រាស់សេវាអនាម័យបានកែលម្អ,,ជនបទ,,ភាគរយ,,74.15
2021,៦.២.១ សមាមាត្រប្រជារាស្រ្តប្រើប្រាស់សេវាអនាម័យបានកែលម្អ,,ជនបទ,,ភាគរយ,,83.7
