Year,SERIES,តំបន់យោង,UNIT_MEASURE,Value
2015,៧.១.២ សមាមាត្រនៃប្រជាជនដែលពឺងផ្អែកជាចម្បងលើបច្ចេកវិទ្យានិងឥន្ធនៈស្អាត,,ចំនួន,6.16
2016,៧.១.២ សមាមាត្រនៃប្រជាជនដែលពឺងផ្អែកជាចម្បងលើបច្ចេកវិទ្យានិងឥន្ធនៈស្អាត,,ចំនួន,5.59
2017,៧.១.២ សមាមាត្រនៃប្រជាជនដែលពឺងផ្អែកជាចម្បងលើបច្ចេកវិទ្យានិងឥន្ធនៈស្អាត,,ចំនួន,5.22
2018,៧.១.២ សមាមាត្រនៃប្រជាជនដែលពឺងផ្អែកជាចម្បងលើបច្ចេកវិទ្យានិងឥន្ធនៈស្អាត,,ចំនួន,7.65
