Year,SERIES,តំបន់យោង,UNIT_MEASURE,Value
2015,៧.៣.១ សមាមាត្រនៃថាមពល បឋម ធៀបនឹងផលិតផលក្នុងស្រុកសរុប,,ស្មើនឹងប្រេងកាតតោន,0.3
2016,៧.៣.១ សមាមាត្រនៃថាមពល បឋម ធៀបនឹងផលិតផលក្នុងស្រុកសរុប,,ស្មើនឹងប្រេងកាតតោន,0.32
2017,៧.៣.១ សមាមាត្រនៃថាមពល បឋម ធៀបនឹងផលិតផលក្នុងស្រុកសរុប,,ស្មើនឹងប្រេងកាតតោន,0.31
2018,៧.៣.១ សមាមាត្រនៃថាមពល បឋម ធៀបនឹងផលិតផលក្នុងស្រុកសរុប,,ស្មើនឹងប្រេងកាតតោន,0.3
2019,៧.៣.១ សមាមាត្រនៃថាមពល បឋម ធៀបនឹងផលិតផលក្នុងស្រុកសរុប,,ស្មើនឹងប្រេងកាតតោន,0.3
2020,៧.៣.១ សមាមាត្រនៃថាមពល បឋម ធៀបនឹងផលិតផលក្នុងស្រុកសរុប,,ស្មើនឹងប្រេងកាតតោន,0.29
