Year,SERIES,តំបន់យោង,UNIT_MEASURE,GeoCode,Value
2015,៨.៩.២ សមាមាត្រនៃចំនួនកម្មករនិយោជិតេធ្វើការក្នុងវិស័យទេសចរណ៍និងចំនួនអ្នកធ្វើការសរុប,,ភាគរយ,,7.0
2016,៨.៩.២ សមាមាត្រនៃចំនួនកម្មករនិយោជិតេធ្វើការក្នុងវិស័យទេសចរណ៍និងចំនួនអ្នកធ្វើការសរុប,,ភាគរយ,,7.0
2017,៨.៩.២ សមាមាត្រនៃចំនួនកម្មករនិយោជិតេធ្វើការក្នុងវិស័យទេសចរណ៍និងចំនួនអ្នកធ្វើការសរុប,,ភាគរយ,,7.0
2018,៨.៩.២ សមាមាត្រនៃចំនួនកម្មករនិយោជិតេធ្វើការក្នុងវិស័យទេសចរណ៍និងចំនួនអ្នកធ្វើការសរុប,,ភាគរយ,,7.0
2019,៨.៩.២ សមាមាត្រនៃចំនួនកម្មករនិយោជិតេធ្វើការក្នុងវិស័យទេសចរណ៍និងចំនួនអ្នកធ្វើការសរុប,,ភាគរយ,,7.0
2020,៨.៩.២ សមាមាត្រនៃចំនួនកម្មករនិយោជិតេធ្វើការក្នុងវិស័យទេសចរណ៍និងចំនួនអ្នកធ្វើការសរុប,,ភាគរយ,,7.5
