Year,SERIES,តំបន់យោង,UNIT_MEASURE,GeoCode,Value
2015,៨.៩.១ ភាគរយនៃការរួមចំណែកដោយផ្ទាល់ពីវិស័យទេសចរណ៍ ទៅក្នុងផលិតផលក្នុងសុ្រកសរុប,,ភាគរយ,,12.5
2016,៨.៩.១ ភាគរយនៃការរួមចំណែកដោយផ្ទាល់ពីវិស័យទេសចរណ៍ ទៅក្នុងផលិតផលក្នុងសុ្រកសរុប,,ភាគរយ,,12.5
2017,៨.៩.១ ភាគរយនៃការរួមចំណែកដោយផ្ទាល់ពីវិស័យទេសចរណ៍ ទៅក្នុងផលិតផលក្នុងសុ្រកសរុប,,ភាគរយ,,12.8
2018,៨.៩.១ ភាគរយនៃការរួមចំណែកដោយផ្ទាល់ពីវិស័យទេសចរណ៍ ទៅក្នុងផលិតផលក្នុងសុ្រកសរុប,,ភាគរយ,,12.8
2019,៨.៩.១ ភាគរយនៃការរួមចំណែកដោយផ្ទាល់ពីវិស័យទេសចរណ៍ ទៅក្នុងផលិតផលក្នុងសុ្រកសរុប,,ភាគរយ,,13.0
2020,៨.៩.១ ភាគរយនៃការរួមចំណែកដោយផ្ទាល់ពីវិស័យទេសចរណ៍ ទៅក្នុងផលិតផលក្នុងសុ្រកសរុប,,ភាគរយ,,13.5
