Year,SERIES,តំបន់យោង,UNIT_MEASURE,Value
2015,៩.១.១ បរិមាណទំនិញឆ្លងកាត់ផែនិងផ្លូវរថភ្លើង,,តោន,6250000
2016,៩.១.១ បរិមាណទំនិញឆ្លងកាត់ផែនិងផ្លូវរថភ្លើង,,តោន,6890000
2017,៩.១.១ បរិមាណទំនិញឆ្លងកាត់ផែនិងផ្លូវរថភ្លើង,,តោន,7654000
2018,៩.១.១ បរិមាណទំនិញឆ្លងកាត់ផែនិងផ្លូវរថភ្លើង,,តោន,7944000
2019,៩.១.១ បរិមាណទំនិញឆ្លងកាត់ផែនិងផ្លូវរថភ្លើង,,តោន,8461000
2020,៩.១.១ បរិមាណទំនិញឆ្លងកាត់ផែនិងផ្លូវរថភ្លើង,,តោន,12428000
