Year,SERIES,តំបន់យោង,UNIT_MEASURE,Value
2016,៩.ក.១ ការគាំទ្រផូ្លវការសរុបពីអន្តរជាតិ(ជំនួយអភិវឌ្ឍន៍ផ្លូវការផ្សេងទៀត)ដល់ការកសាងនិងជួសជុលហេដ្ឋារចនាសម្ព័ន្ធ,,ភាគរយ,1.65
2017,៩.ក.១ ការគាំទ្រផូ្លវការសរុបពីអន្តរជាតិ(ជំនួយអភិវឌ្ឍន៍ផ្លូវការផ្សេងទៀត)ដល់ការកសាងនិងជួសជុលហេដ្ឋារចនាសម្ព័ន្ធ,,ភាគរយ,1.54
2018,៩.ក.១ ការគាំទ្រផូ្លវការសរុបពីអន្តរជាតិ(ជំនួយអភិវឌ្ឍន៍ផ្លូវការផ្សេងទៀត)ដល់ការកសាងនិងជួសជុលហេដ្ឋារចនាសម្ព័ន្ធ,,ភាគរយ,1.44
2019,៩.ក.១ ការគាំទ្រផូ្លវការសរុបពីអន្តរជាតិ(ជំនួយអភិវឌ្ឍន៍ផ្លូវការផ្សេងទៀត)ដល់ការកសាងនិងជួសជុលហេដ្ឋារចនាសម្ព័ន្ធ,,ភាគរយ,1.34
2020,៩.ក.១ ការគាំទ្រផូ្លវការសរុបពីអន្តរជាតិ(ជំនួយអភិវឌ្ឍន៍ផ្លូវការផ្សេងទៀត)ដល់ការកសាងនិងជួសជុលហេដ្ឋារចនាសម្ព័ន្ធ,,ភាគរយ,1.25
