Year,SERIES,REF_AREA,UNIT_MEASURE,GeoCode,Value
1979,N_KH_180201_01,,NUMBER,,4674
1980,N_KH_180201_01,,NUMBER,,1343
1981,N_KH_180201_01,,NUMBER,,1021
1982,N_KH_180201_01,,NUMBER,,1893
1983,N_KH_180201_01,,NUMBER,,2761
1984,N_KH_180201_01,,NUMBER,,2966
1985,N_KH_180201_01,,NUMBER,,3520
1986,N_KH_180201_01,,NUMBER,,2902
1987,N_KH_180201_01,,NUMBER,,3533
1988,N_KH_180201_01,,NUMBER,,2967
1989,N_KH_180201_01,,NUMBER,,3333
1990,N_KH_180201_01,,NUMBER,,3000
1991,N_KH_180201_01,,NUMBER,,2427
1992,N_KH_180201_01,,NUMBER,,2189
1993,N_KH_180201_01,,NUMBER,,2535
1994,N_KH_180201_01,,NUMBER,,2809
1995,N_KH_180201_01,,NUMBER,,3333
1996,N_KH_180201_01,,NUMBER,,4320
1997,N_KH_180201_01,,NUMBER,,2298
1998,N_KH_180201_01,,NUMBER,,2150
1999,N_KH_180201_01,,NUMBER,,1153
2000,N_KH_180201_01,,NUMBER,,858
2001,N_KH_180201_01,,NUMBER,,826
2002,N_KH_180201_01,,NUMBER,,847
2003,N_KH_180201_01,,NUMBER,,772
2004,N_KH_180201_01,,NUMBER,,898
2005,N_KH_180201_01,,NUMBER,,875
2006,N_KH_180201_01,,NUMBER,,450
2007,N_KH_180201_01,,NUMBER,,352
2008,N_KH_180201_01,,NUMBER,,271
2009,N_KH_180201_01,,NUMBER,,244
2010,N_KH_180201_01,,NUMBER,,286
2011,N_KH_180201_01,,NUMBER,,211
2012,N_KH_180201_01,,NUMBER,,186
2013,N_KH_180201_01,,NUMBER,,111
2014,N_KH_180201_01,,NUMBER,,154
2015,N_KH_180201_01,,NUMBER,,111
2016,N_KH_180201_01,,NUMBER,,83
2017,N_KH_180201_01,,NUMBER,,58
2018,N_KH_180201_01,,NUMBER,,58
2019,N_KH_180201_01,,NUMBER,,77
2020,N_KH_180201_01,,NUMBER,,65
2018,N_KH_180201_01,KH13,NUMBER,KH13,8
2019,N_KH_180201_01,KH13,NUMBER,KH13,6
2020,N_KH_180201_01,KH13,NUMBER,KH13,12
2018,N_KH_180201_01,KH06,NUMBER,KH06,0
2019,N_KH_180201_01,KH06,NUMBER,KH06,0
2020,N_KH_180201_01,KH06,NUMBER,KH06,3
2018,N_KH_180201_01,KH15,NUMBER,KH15,3
2019,N_KH_180201_01,KH15,NUMBER,KH15,3
2020,N_KH_180201_01,KH15,NUMBER,KH15,10
2018,N_KH_180201_01,KH14,NUMBER,KH14,0
2019,N_KH_180201_01,KH14,NUMBER,KH14,0
2020,N_KH_180201_01,KH14,NUMBER,KH14,0
2018,N_KH_180201_01,KH05,NUMBER,KH05,11
2019,N_KH_180201_01,KH05,NUMBER,KH05,0
2020,N_KH_180201_01,KH05,NUMBER,KH05,0
2018,N_KH_180201_01,KH23,NUMBER,KH23,0
2019,N_KH_180201_01,KH23,NUMBER,KH23,0
2020,N_KH_180201_01,KH23,NUMBER,KH23,0
2018,N_KH_180201_01,KH16,NUMBER,KH16,2
2019,N_KH_180201_01,KH16,NUMBER,KH16,12
2020,N_KH_180201_01,KH16,NUMBER,KH16,0
2018,N_KH_180201_01,KH09,NUMBER,KH09,1
2019,N_KH_180201_01,KH09,NUMBER,KH09,1
2020,N_KH_180201_01,KH09,NUMBER,KH09,0
2018,N_KH_180201_01,KH04,NUMBER,KH04,2
2019,N_KH_180201_01,KH04,NUMBER,KH04,0
2020,N_KH_180201_01,KH04,NUMBER,KH04,0
2018,N_KH_180201_01,KH12,NUMBER,KH12,1
2019,N_KH_180201_01,KH12,NUMBER,KH12,4
2020,N_KH_180201_01,KH12,NUMBER,KH12,0
2018,N_KH_180201_01,KH02,NUMBER,KH02,8
2019,N_KH_180201_01,KH02,NUMBER,KH02,11
2020,N_KH_180201_01,KH02,NUMBER,KH02,19
2018,N_KH_180201_01,KH25,NUMBER,KH25,1
2019,N_KH_180201_01,KH25,NUMBER,KH25,14
2020,N_KH_180201_01,KH25,NUMBER,KH25,2
2018,N_KH_180201_01,KH07,NUMBER,KH07,0
2019,N_KH_180201_01,KH07,NUMBER,KH07,0
2020,N_KH_180201_01,KH07,NUMBER,KH07,0
2018,N_KH_180201_01,KH11,NUMBER,KH11,2
2019,N_KH_180201_01,KH11,NUMBER,KH11,1
2020,N_KH_180201_01,KH11,NUMBER,KH11,1
2018,N_KH_180201_01,KH20,NUMBER,KH20,0
2019,N_KH_180201_01,KH20,NUMBER,KH20,2
2020,N_KH_180201_01,KH20,NUMBER,KH20,0
2018,N_KH_180201_01,KH01,NUMBER,KH01,3
2019,N_KH_180201_01,KH01,NUMBER,KH01,6
2020,N_KH_180201_01,KH01,NUMBER,KH01,7
2018,N_KH_180201_01,KH19,NUMBER,KH19,0
2019,N_KH_180201_01,KH19,NUMBER,KH19,0
2020,N_KH_180201_01,KH19,NUMBER,KH19,1
2018,N_KH_180201_01,KH10,NUMBER,KH10,3
2019,N_KH_180201_01,KH10,NUMBER,KH10,3
2020,N_KH_180201_01,KH10,NUMBER,KH10,4
2018,N_KH_180201_01,KH21,NUMBER,KH21,0
2019,N_KH_180201_01,KH21,NUMBER,KH21,0
2020,N_KH_180201_01,KH21,NUMBER,KH21,0
2018,N_KH_180201_01,KH22,NUMBER,KH22,5
2019,N_KH_180201_01,KH22,NUMBER,KH22,6
2020,N_KH_180201_01,KH22,NUMBER,KH22,3
2018,N_KH_180201_01,KH24,NUMBER,KH24,1
2019,N_KH_180201_01,KH24,NUMBER,KH24,2
2020,N_KH_180201_01,KH24,NUMBER,KH24,2
2018,N_KH_180201_01,KH03,NUMBER,KH03,2
2019,N_KH_180201_01,KH03,NUMBER,KH03,2
2020,N_KH_180201_01,KH03,NUMBER,KH03,0
2018,N_KH_180201_01,KH08,NUMBER,KH08,2
2019,N_KH_180201_01,KH08,NUMBER,KH08,3
2020,N_KH_180201_01,KH08,NUMBER,KH08,1
2018,N_KH_180201_01,KH18,NUMBER,KH18,0
2019,N_KH_180201_01,KH18,NUMBER,KH18,0
2020,N_KH_180201_01,KH18,NUMBER,KH18,0
2018,N_KH_180201_01,KH17,NUMBER,KH17,3
2019,N_KH_180201_01,KH17,NUMBER,KH17,1
2020,N_KH_180201_01,KH17,NUMBER,KH17,0
