Year,SERIES,REF_AREA,SEX,AGE,URBANISATION,INCOME_WEALTH_QUANTILE,UNIT_MEASURE,GeoCode,Value
2000,SH_DYN_NMRT,,F,M0,,,PER_100_LIVE_BIRTHS,,34.1
2005,SH_DYN_NMRT,,F,M0,,,PER_100_LIVE_BIRTHS,,30.0
2010,SH_DYN_NMRT,,F,M0,,,PER_100_LIVE_BIRTHS,,27.0
2014,SH_DYN_NMRT,,F,M0,,,PER_100_LIVE_BIRTHS,,20.0
2000,SH_DYN_NMRT,,F,Y0,,,PER_100_LIVE_BIRTHS,,34.1
2005,SH_DYN_NMRT,,F,Y0,,,PER_100_LIVE_BIRTHS,,30.0
2010,SH_DYN_NMRT,,F,Y0,,,PER_100_LIVE_BIRTHS,,27.0
2014,SH_DYN_NMRT,,F,Y0,,,PER_100_LIVE_BIRTHS,,20.0
2000,SH_DYN_NMRT,,M,M0,,,PER_100_LIVE_BIRTHS,,44.0
2005,SH_DYN_NMRT,,M,M0,,,PER_100_LIVE_BIRTHS,,42.0
2010,SH_DYN_NMRT,,M,M0,,,PER_100_LIVE_BIRTHS,,36.0
2014,SH_DYN_NMRT,,M,M0,,,PER_100_LIVE_BIRTHS,,22.0
2000,SH_DYN_NMRT,,M,Y0,,,PER_100_LIVE_BIRTHS,,44.0
2005,SH_DYN_NMRT,,M,Y0,,,PER_100_LIVE_BIRTHS,,42.0
2010,SH_DYN_NMRT,,M,Y0,,,PER_100_LIVE_BIRTHS,,36.0
2014,SH_DYN_NMRT,,M,Y0,,,PER_100_LIVE_BIRTHS,,22.0
2000,SH_DYN_NMRT,,,M0,,,PER_100_LIVE_BIRTHS,,37.3
2005,SH_DYN_NMRT,,,M0,,,PER_100_LIVE_BIRTHS,,28.0
2010,SH_DYN_NMRT,,,M0,,,PER_100_LIVE_BIRTHS,,27.0
2014,SH_DYN_NMRT,,,M0,,,PER_100_LIVE_BIRTHS,,18.0
2021,SH_DYN_NMRT,,,M0,,,PER_100_LIVE_BIRTHS,,8.0
2005,SH_DYN_NMRT,,,M0,,Q1,PER_100_LIVE_BIRTHS,,34.0
2010,SH_DYN_NMRT,,,M0,,Q1,PER_100_LIVE_BIRTHS,,39.0
2014,SH_DYN_NMRT,,,M0,,Q1,PER_100_LIVE_BIRTHS,,27.0
2005,SH_DYN_NMRT,,,M0,,Q2,PER_100_LIVE_BIRTHS,,45.0
2010,SH_DYN_NMRT,,,M0,,Q2,PER_100_LIVE_BIRTHS,,34.0
2014,SH_DYN_NMRT,,,M0,,Q2,PER_100_LIVE_BIRTHS,,23.0
2005,SH_DYN_NMRT,,,M0,,Q3,PER_100_LIVE_BIRTHS,,38.0
2010,SH_DYN_NMRT,,,M0,,Q3,PER_100_LIVE_BIRTHS,,35.0
2014,SH_DYN_NMRT,,,M0,,Q3,PER_100_LIVE_BIRTHS,,24.0
2005,SH_DYN_NMRT,,,M0,,Q4,PER_100_LIVE_BIRTHS,,38.0
2010,SH_DYN_NMRT,,,M0,,Q4,PER_100_LIVE_BIRTHS,,26.0
2014,SH_DYN_NMRT,,,M0,,Q4,PER_100_LIVE_BIRTHS,,18.0
2005,SH_DYN_NMRT,,,M0,,Q5,PER_100_LIVE_BIRTHS,,22.0
2010,SH_DYN_NMRT,,,M0,,Q5,PER_100_LIVE_BIRTHS,,16.0
2014,SH_DYN_NMRT,,,M0,,Q5,PER_100_LIVE_BIRTHS,,12.0
2000,SH_DYN_NMRT,,,M0,U,,PER_100_LIVE_BIRTHS,,27.0
2005,SH_DYN_NMRT,,,M0,U,,PER_100_LIVE_BIRTHS,,29.0
2010,SH_DYN_NMRT,,,M0,U,,PER_100_LIVE_BIRTHS,,11.0
2014,SH_DYN_NMRT,,,M0,U,,PER_100_LIVE_BIRTHS,,10.0
2000,SH_DYN_NMRT,,,M0,R,,PER_100_LIVE_BIRTHS,,40.9
2005,SH_DYN_NMRT,,,M0,R,,PER_100_LIVE_BIRTHS,,37.0
2010,SH_DYN_NMRT,,,M0,R,,PER_100_LIVE_BIRTHS,,35.0
2014,SH_DYN_NMRT,,,M0,R,,PER_100_LIVE_BIRTHS,,23.0
2000,SH_DYN_NMRT,,,Y0,,,PER_100_LIVE_BIRTHS,,37.3
2005,SH_DYN_NMRT,,,Y0,,,PER_100_LIVE_BIRTHS,,28.0
2010,SH_DYN_NMRT,,,Y0,,,PER_100_LIVE_BIRTHS,,27.0
2014,SH_DYN_NMRT,,,Y0,,,PER_100_LIVE_BIRTHS,,18.0
2021,SH_DYN_NMRT,,,Y0,,,PER_100_LIVE_BIRTHS,,8.0
2005,SH_DYN_NMRT,,,Y0,,Q1,PER_100_LIVE_BIRTHS,,34.0
2010,SH_DYN_NMRT,,,Y0,,Q1,PER_100_LIVE_BIRTHS,,39.0
2014,SH_DYN_NMRT,,,Y0,,Q1,PER_100_LIVE_BIRTHS,,27.0
2005,SH_DYN_NMRT,,,Y0,,Q2,PER_100_LIVE_BIRTHS,,45.0
2010,SH_DYN_NMRT,,,Y0,,Q2,PER_100_LIVE_BIRTHS,,34.0
2014,SH_DYN_NMRT,,,Y0,,Q2,PER_100_LIVE_BIRTHS,,23.0
2005,SH_DYN_NMRT,,,Y0,,Q3,PER_100_LIVE_BIRTHS,,38.0
2010,SH_DYN_NMRT,,,Y0,,Q3,PER_100_LIVE_BIRTHS,,35.0
2014,SH_DYN_NMRT,,,Y0,,Q3,PER_100_LIVE_BIRTHS,,24.0
2005,SH_DYN_NMRT,,,Y0,,Q4,PER_100_LIVE_BIRTHS,,38.0
2010,SH_DYN_NMRT,,,Y0,,Q4,PER_100_LIVE_BIRTHS,,26.0
2014,SH_DYN_NMRT,,,Y0,,Q4,PER_100_LIVE_BIRTHS,,18.0
2005,SH_DYN_NMRT,,,Y0,,Q5,PER_100_LIVE_BIRTHS,,22.0
2010,SH_DYN_NMRT,,,Y0,,Q5,PER_100_LIVE_BIRTHS,,16.0
2014,SH_DYN_NMRT,,,Y0,,Q5,PER_100_LIVE_BIRTHS,,12.0
2000,SH_DYN_NMRT,,,Y0,U,,PER_100_LIVE_BIRTHS,,27.0
2005,SH_DYN_NMRT,,,Y0,U,,PER_100_LIVE_BIRTHS,,29.0
2010,SH_DYN_NMRT,,,Y0,U,,PER_100_LIVE_BIRTHS,,11.0
2014,SH_DYN_NMRT,,,Y0,U,,PER_100_LIVE_BIRTHS,,10.0
2000,SH_DYN_NMRT,,,Y0,R,,PER_100_LIVE_BIRTHS,,40.9
2005,SH_DYN_NMRT,,,Y0,R,,PER_100_LIVE_BIRTHS,,37.0
2010,SH_DYN_NMRT,,,Y0,R,,PER_100_LIVE_BIRTHS,,35.0
2014,SH_DYN_NMRT,,,Y0,R,,PER_100_LIVE_BIRTHS,,23.0
2000,SH_DYN_NMRT,KH01,,M0,,,PER_100_LIVE_BIRTHS,KH01,31.4
2005,SH_DYN_NMRT,KH01,,M0,,,PER_100_LIVE_BIRTHS,KH01,34.0
2010,SH_DYN_NMRT,KH01,,M0,,,PER_100_LIVE_BIRTHS,KH01,26.0
2014,SH_DYN_NMRT,KH01,,M0,,,PER_100_LIVE_BIRTHS,KH01,20.0
2000,SH_DYN_NMRT,KH03,,M0,,,PER_100_LIVE_BIRTHS,KH03,38.7
2005,SH_DYN_NMRT,KH03,,M0,,,PER_100_LIVE_BIRTHS,KH03,35.0
2010,SH_DYN_NMRT,KH03,,M0,,,PER_100_LIVE_BIRTHS,KH03,33.0
2014,SH_DYN_NMRT,KH03,,M0,,,PER_100_LIVE_BIRTHS,KH03,25.0
2000,SH_DYN_NMRT,KH04,,M0,,,PER_100_LIVE_BIRTHS,KH04,41.9
2005,SH_DYN_NMRT,KH04,,M0,,,PER_100_LIVE_BIRTHS,KH04,36.0
2010,SH_DYN_NMRT,KH04,,M0,,,PER_100_LIVE_BIRTHS,KH04,45.0
2014,SH_DYN_NMRT,KH04,,M0,,,PER_100_LIVE_BIRTHS,KH04,27.0
2000,SH_DYN_NMRT,KH05,,M0,,,PER_100_LIVE_BIRTHS,KH05,26.4
2005,SH_DYN_NMRT,KH05,,M0,,,PER_100_LIVE_BIRTHS,KH05,41.0
2010,SH_DYN_NMRT,KH05,,M0,,,PER_100_LIVE_BIRTHS,KH05,39.0
2014,SH_DYN_NMRT,KH05,,M0,,,PER_100_LIVE_BIRTHS,KH05,19.0
2000,SH_DYN_NMRT,KH06,,M0,,,PER_100_LIVE_BIRTHS,KH06,38.8
2005,SH_DYN_NMRT,KH06,,M0,,,PER_100_LIVE_BIRTHS,KH06,38.0
2010,SH_DYN_NMRT,KH06,,M0,,,PER_100_LIVE_BIRTHS,KH06,29.0
2014,SH_DYN_NMRT,KH06,,M0,,,PER_100_LIVE_BIRTHS,KH06,29.0
2000,SH_DYN_NMRT,KH08,,M0,,,PER_100_LIVE_BIRTHS,KH08,38.8
2005,SH_DYN_NMRT,KH08,,M0,,,PER_100_LIVE_BIRTHS,KH08,30.0
2010,SH_DYN_NMRT,KH08,,M0,,,PER_100_LIVE_BIRTHS,KH08,34.0
2014,SH_DYN_NMRT,KH08,,M0,,,PER_100_LIVE_BIRTHS,KH08,17.0
2000,SH_DYN_NMRT,KH09,,M0,,,PER_100_LIVE_BIRTHS,KH09,31.5
2005,SH_DYN_NMRT,KH10,,M0,,,PER_100_LIVE_BIRTHS,KH10,37.0
2010,SH_DYN_NMRT,KH10,,M0,,,PER_100_LIVE_BIRTHS,KH10,47.0
2014,SH_DYN_NMRT,KH10,,M0,,,PER_100_LIVE_BIRTHS,KH10,30.0
2005,SH_DYN_NMRT,KH22,,M0,,,PER_100_LIVE_BIRTHS,KH22,19.0
2010,SH_DYN_NMRT,KH22,,M0,,,PER_100_LIVE_BIRTHS,KH22,20.0
2014,SH_DYN_NMRT,KH22,,M0,,,PER_100_LIVE_BIRTHS,KH22,17.0
2000,SH_DYN_NMRT,KH12,,M0,,,PER_100_LIVE_BIRTHS,KH12,14.0
2005,SH_DYN_NMRT,KH12,,M0,,,PER_100_LIVE_BIRTHS,KH12,24.0
2010,SH_DYN_NMRT,KH12,,M0,,,PER_100_LIVE_BIRTHS,KH12,8.0
2014,SH_DYN_NMRT,KH12,,M0,,,PER_100_LIVE_BIRTHS,KH12,13.0
2000,SH_DYN_NMRT,KH14,,M0,,,PER_100_LIVE_BIRTHS,KH14,52.4
2005,SH_DYN_NMRT,KH14,,M0,,,PER_100_LIVE_BIRTHS,KH14,52.0
2010,SH_DYN_NMRT,KH14,,M0,,,PER_100_LIVE_BIRTHS,KH14,34.0
2014,SH_DYN_NMRT,KH14,,M0,,,PER_100_LIVE_BIRTHS,KH14,33.0
2000,SH_DYN_NMRT,KH15,,M0,,,PER_100_LIVE_BIRTHS,KH15,51.0
2005,SH_DYN_NMRT,KH15,,M0,,,PER_100_LIVE_BIRTHS,KH15,27.0
2010,SH_DYN_NMRT,KH15,,M0,,,PER_100_LIVE_BIRTHS,KH15,29.0
2014,SH_DYN_NMRT,KH15,,M0,,,PER_100_LIVE_BIRTHS,KH15,14.0
2005,SH_DYN_NMRT,KH17,,M0,,,PER_100_LIVE_BIRTHS,KH17,34.0
2010,SH_DYN_NMRT,KH17,,M0,,,PER_100_LIVE_BIRTHS,KH17,28.0
2014,SH_DYN_NMRT,KH17,,M0,,,PER_100_LIVE_BIRTHS,KH17,17.0
2000,SH_DYN_NMRT,KH20,,M0,,,PER_100_LIVE_BIRTHS,KH20,56.2
2005,SH_DYN_NMRT,KH20,,M0,,,PER_100_LIVE_BIRTHS,KH20,29.0
2010,SH_DYN_NMRT,KH20,,M0,,,PER_100_LIVE_BIRTHS,KH20,27.0
2014,SH_DYN_NMRT,KH20,,M0,,,PER_100_LIVE_BIRTHS,KH20,20.0
2000,SH_DYN_NMRT,KH21,,M0,,,PER_100_LIVE_BIRTHS,KH21,38.4
2005,SH_DYN_NMRT,KH21,,M0,,,PER_100_LIVE_BIRTHS,KH21,52.0
2010,SH_DYN_NMRT,KH21,,M0,,,PER_100_LIVE_BIRTHS,KH21,37.0
2014,SH_DYN_NMRT,KH21,,M0,,,PER_100_LIVE_BIRTHS,KH21,16.0
2000,SH_DYN_NMRT,KH_AGG_KH02_KH24,,M0,,,PER_100_LIVE_BIRTHS,KH_AGG_KH02_KH24,38.3
2005,SH_DYN_NMRT,KH_AGG_KH02_KH24,,M0,,,PER_100_LIVE_BIRTHS,KH_AGG_KH02_KH24,29.0
2010,SH_DYN_NMRT,KH_AGG_KH02_KH24,,M0,,,PER_100_LIVE_BIRTHS,KH_AGG_KH02_KH24,28.0
2014,SH_DYN_NMRT,KH_AGG_KH02_KH24,,M0,,,PER_100_LIVE_BIRTHS,KH_AGG_KH02_KH24,12.0
2000,SH_DYN_NMRT,KH_AGG_KH07_KH18_KH23,,M0,,,PER_100_LIVE_BIRTHS,KH_AGG_KH07_KH18_KH23,42.0
2000,SH_DYN_NMRT,KH_AGG_KH10_KH13_KH19,,M0,,,PER_100_LIVE_BIRTHS,KH_AGG_KH10_KH13_KH19,25.9
2000,SH_DYN_NMRT,KH_AGG_KH11_KH16,,M0,,,PER_100_LIVE_BIRTHS,KH_AGG_KH11_KH16,79.8
2005,SH_DYN_NMRT,KH_AGG_KH11_KH16,,M0,,,PER_100_LIVE_BIRTHS,KH_AGG_KH11_KH16,56.0
2010,SH_DYN_NMRT,KH_AGG_KH11_KH16,,M0,,,PER_100_LIVE_BIRTHS,KH_AGG_KH11_KH16,30.0
2014,SH_DYN_NMRT,KH_AGG_KH11_KH16,,M0,,,PER_100_LIVE_BIRTHS,KH_AGG_KH11_KH16,36.0
2000,SH_DYN_NMRT,KH_AGG_KH22_KH17,,M0,,,PER_100_LIVE_BIRTHS,KH_AGG_KH22_KH17,44.6
2005,SH_DYN_NMRT,KH_AGG_KH07_KH23,,M0,,,PER_100_LIVE_BIRTHS,KH_AGG_KH07_KH23,37.0
2010,SH_DYN_NMRT,KH_AGG_KH07_KH23,,M0,,,PER_100_LIVE_BIRTHS,KH_AGG_KH07_KH23,44.0
2014,SH_DYN_NMRT,KH_AGG_KH07_KH23,,M0,,,PER_100_LIVE_BIRTHS,KH_AGG_KH07_KH23,20.0
2005,SH_DYN_NMRT,KH_KH09_KH18,,M0,,,PER_100_LIVE_BIRTHS,KH_KH09_KH18,37.0
2010,SH_DYN_NMRT,KH_KH09_KH18,,M0,,,PER_100_LIVE_BIRTHS,KH_KH09_KH18,20.0
2014,SH_DYN_NMRT,KH_KH09_KH18,,M0,,,PER_100_LIVE_BIRTHS,KH_KH09_KH18,20.0
2005,SH_DYN_NMRT,KH_AGG_KH13_KH19,,M0,,,PER_100_LIVE_BIRTHS,KH_AGG_KH13_KH19,34.0
2010,SH_DYN_NMRT,KH_AGG_KH13_KH19,,M0,,,PER_100_LIVE_BIRTHS,KH_AGG_KH13_KH19,29.0
2014,SH_DYN_NMRT,KH_AGG_KH13_KH19,,M0,,,PER_100_LIVE_BIRTHS,KH_AGG_KH13_KH19,25.0
