Year,SERIES,REF_AREA,SEX,UNIT_MEASURE,GeoCode,Value
1993,SG_GEN_PARL,,F,PT,,5.83
1994,SG_GEN_PARL,,F,PT,,4.17
1995,SG_GEN_PARL,,F,PT,,4.17
1996,SG_GEN_PARL,,F,PT,,4.17
1997,SG_GEN_PARL,,F,PT,,4.17
1998,SG_GEN_PARL,,F,PT,,10.66
1999,SG_GEN_PARL,,F,PT,,10.66
2000,SG_GEN_PARL,,F,PT,,10.66
2001,SG_GEN_PARL,,F,PT,,10.66
2002,SG_GEN_PARL,,F,PT,,10.66
2003,SG_GEN_PARL,,F,PT,,10.66
2008,SG_GEN_PARL,,F,PT,,20.33
2009,SG_GEN_PARL,,F,PT,,20.33
2010,SG_GEN_PARL,,F,PT,,21.14
2011,SG_GEN_PARL,,F,PT,,21.95
2012,SG_GEN_PARL,,F,PT,,21.95
2013,SG_GEN_PARL,,F,PT,,21.95
2014,SG_GEN_PARL,,F,PT,,15.45
2015,SG_GEN_PARL,,F,PT,,15.45
2016,SG_GEN_PARL,,F,PT,,15.45
2017,SG_GEN_PARL,,F,PT,,15.45
2018,SG_GEN_PARL,,F,PT,,15.2
2019,SG_GEN_PARL,,F,PT,,15.2
2020,SG_GEN_PARL,,F,PT,,15.2
2021,SG_GEN_PARL,,F,PT,,15.2
1993,SG_GEN_PARL,KH19,F,PT,KH19,0.0
1994,SG_GEN_PARL,KH19,F,PT,KH19,0.0
1995,SG_GEN_PARL,KH19,F,PT,KH19,0.0
1996,SG_GEN_PARL,KH19,F,PT,KH19,0.0
1997,SG_GEN_PARL,KH19,F,PT,KH19,0.0
1998,SG_GEN_PARL,KH19,F,PT,KH19,0.0
1999,SG_GEN_PARL,KH19,F,PT,KH19,0.0
2000,SG_GEN_PARL,KH19,F,PT,KH19,0.0
2001,SG_GEN_PARL,KH19,F,PT,KH19,0.0
2002,SG_GEN_PARL,KH19,F,PT,KH19,0.0
2003,SG_GEN_PARL,KH19,F,PT,KH19,0.0
2008,SG_GEN_PARL,KH19,F,PT,KH19,0.0
2009,SG_GEN_PARL,KH19,F,PT,KH19,0.0
2010,SG_GEN_PARL,KH19,F,PT,KH19,0.0
2011,SG_GEN_PARL,KH19,F,PT,KH19,0.0
2012,SG_GEN_PARL,KH19,F,PT,KH19,0.0
2013,SG_GEN_PARL,KH19,F,PT,KH19,0.0
2014,SG_GEN_PARL,KH19,F,PT,KH19,0.0
2015,SG_GEN_PARL,KH19,F,PT,KH19,0.0
2016,SG_GEN_PARL,KH19,F,PT,KH19,0.0
2017,SG_GEN_PARL,KH19,F,PT,KH19,0.0
2018,SG_GEN_PARL,KH19,F,PT,KH19,0.0
2019,SG_GEN_PARL,KH19,F,PT,KH19,0.0
2020,SG_GEN_PARL,KH19,F,PT,KH19,0.0
2021,SG_GEN_PARL,KH19,F,PT,KH19,0.0
1993,SG_GEN_PARL,KH10,F,PT,KH10,33.33
1994,SG_GEN_PARL,KH10,F,PT,KH10,0.0
1995,SG_GEN_PARL,KH10,F,PT,KH10,0.0
1996,SG_GEN_PARL,KH10,F,PT,KH10,0.0
1997,SG_GEN_PARL,KH10,F,PT,KH10,0.0
1998,SG_GEN_PARL,KH10,F,PT,KH10,33.33
1999,SG_GEN_PARL,KH10,F,PT,KH10,33.33
2000,SG_GEN_PARL,KH10,F,PT,KH10,33.33
2001,SG_GEN_PARL,KH10,F,PT,KH10,33.33
2002,SG_GEN_PARL,KH10,F,PT,KH10,33.33
2003,SG_GEN_PARL,KH10,F,PT,KH10,33.33
2008,SG_GEN_PARL,KH10,F,PT,KH10,33.33
2009,SG_GEN_PARL,KH10,F,PT,KH10,33.33
2010,SG_GEN_PARL,KH10,F,PT,KH10,33.33
2011,SG_GEN_PARL,KH10,F,PT,KH10,33.33
2012,SG_GEN_PARL,KH10,F,PT,KH10,33.33
2013,SG_GEN_PARL,KH10,F,PT,KH10,33.33
2014,SG_GEN_PARL,KH10,F,PT,KH10,66.67
2015,SG_GEN_PARL,KH10,F,PT,KH10,66.67
2016,SG_GEN_PARL,KH10,F,PT,KH10,66.67
2017,SG_GEN_PARL,KH10,F,PT,KH10,66.67
2018,SG_GEN_PARL,KH10,F,PT,KH10,33.33
2019,SG_GEN_PARL,KH10,F,PT,KH10,33.33
2020,SG_GEN_PARL,KH10,F,PT,KH10,33.33
2021,SG_GEN_PARL,KH10,F,PT,KH10,33.33
1993,SG_GEN_PARL,KH17,F,PT,KH17,0.0
1994,SG_GEN_PARL,KH17,F,PT,KH17,0.0
1995,SG_GEN_PARL,KH17,F,PT,KH17,0.0
1996,SG_GEN_PARL,KH17,F,PT,KH17,0.0
1997,SG_GEN_PARL,KH17,F,PT,KH17,0.0
1998,SG_GEN_PARL,KH17,F,PT,KH17,16.67
1999,SG_GEN_PARL,KH17,F,PT,KH17,16.67
2000,SG_GEN_PARL,KH17,F,PT,KH17,16.67
2001,SG_GEN_PARL,KH17,F,PT,KH17,16.67
2002,SG_GEN_PARL,KH17,F,PT,KH17,16.67
2003,SG_GEN_PARL,KH17,F,PT,KH17,16.67
2008,SG_GEN_PARL,KH17,F,PT,KH17,33.33
2009,SG_GEN_PARL,KH17,F,PT,KH17,33.33
2010,SG_GEN_PARL,KH17,F,PT,KH17,33.33
2011,SG_GEN_PARL,KH17,F,PT,KH17,33.33
2012,SG_GEN_PARL,KH17,F,PT,KH17,33.33
2013,SG_GEN_PARL,KH17,F,PT,KH17,33.33
2014,SG_GEN_PARL,KH17,F,PT,KH17,16.67
2015,SG_GEN_PARL,KH17,F,PT,KH17,16.67
2016,SG_GEN_PARL,KH17,F,PT,KH17,16.67
2017,SG_GEN_PARL,KH17,F,PT,KH17,16.67
2018,SG_GEN_PARL,KH17,F,PT,KH17,16.67
2019,SG_GEN_PARL,KH17,F,PT,KH17,16.67
2020,SG_GEN_PARL,KH17,F,PT,KH17,16.67
2021,SG_GEN_PARL,KH17,F,PT,KH17,16.67
1993,SG_GEN_PARL,KH11,F,PT,KH11,0.0
1994,SG_GEN_PARL,KH11,F,PT,KH11,0.0
1995,SG_GEN_PARL,KH11,F,PT,KH11,0.0
1996,SG_GEN_PARL,KH11,F,PT,KH11,0.0
1997,SG_GEN_PARL,KH11,F,PT,KH11,0.0
1998,SG_GEN_PARL,KH11,F,PT,KH11,0.0
1999,SG_GEN_PARL,KH11,F,PT,KH11,0.0
2000,SG_GEN_PARL,KH11,F,PT,KH11,0.0
2001,SG_GEN_PARL,KH11,F,PT,KH11,0.0
2002,SG_GEN_PARL,KH11,F,PT,KH11,0.0
2003,SG_GEN_PARL,KH11,F,PT,KH11,0.0
2008,SG_GEN_PARL,KH11,F,PT,KH11,0.0
2009,SG_GEN_PARL,KH11,F,PT,KH11,0.0
2010,SG_GEN_PARL,KH11,F,PT,KH11,100.0
2011,SG_GEN_PARL,KH11,F,PT,KH11,100.0
2012,SG_GEN_PARL,KH11,F,PT,KH11,100.0
2013,SG_GEN_PARL,KH11,F,PT,KH11,100.0
2014,SG_GEN_PARL,KH11,F,PT,KH11,0.0
2015,SG_GEN_PARL,KH11,F,PT,KH11,0.0
2016,SG_GEN_PARL,KH11,F,PT,KH11,0.0
2017,SG_GEN_PARL,KH11,F,PT,KH11,0.0
2018,SG_GEN_PARL,KH11,F,PT,KH11,0.0
2019,SG_GEN_PARL,KH11,F,PT,KH11,0.0
2020,SG_GEN_PARL,KH11,F,PT,KH11,0.0
2021,SG_GEN_PARL,KH11,F,PT,KH11,0.0
1998,SG_GEN_PARL,KH24,F,PT,KH24,0.0
1999,SG_GEN_PARL,KH24,F,PT,KH24,0.0
2000,SG_GEN_PARL,KH24,F,PT,KH24,0.0
2001,SG_GEN_PARL,KH24,F,PT,KH24,0.0
2002,SG_GEN_PARL,KH24,F,PT,KH24,0.0
2003,SG_GEN_PARL,KH24,F,PT,KH24,0.0
2008,SG_GEN_PARL,KH24,F,PT,KH24,0.0
2009,SG_GEN_PARL,KH24,F,PT,KH24,0.0
2010,SG_GEN_PARL,KH24,F,PT,KH24,0.0
2011,SG_GEN_PARL,KH24,F,PT,KH24,0.0
2012,SG_GEN_PARL,KH24,F,PT,KH24,0.0
2013,SG_GEN_PARL,KH24,F,PT,KH24,0.0
2014,SG_GEN_PARL,KH24,F,PT,KH24,100.0
2015,SG_GEN_PARL,KH24,F,PT,KH24,100.0
2016,SG_GEN_PARL,KH24,F,PT,KH24,100.0
2017,SG_GEN_PARL,KH24,F,PT,KH24,100.0
2018,SG_GEN_PARL,KH24,F,PT,KH24,100.0
2019,SG_GEN_PARL,KH24,F,PT,KH24,100.0
2020,SG_GEN_PARL,KH24,F,PT,KH24,100.0
2021,SG_GEN_PARL,KH24,F,PT,KH24,100.0
1998,SG_GEN_PARL,KH23,F,PT,KH23,0.0
1999,SG_GEN_PARL,KH23,F,PT,KH23,0.0
2000,SG_GEN_PARL,KH23,F,PT,KH23,0.0
2001,SG_GEN_PARL,KH23,F,PT,KH23,0.0
2002,SG_GEN_PARL,KH23,F,PT,KH23,0.0
2003,SG_GEN_PARL,KH23,F,PT,KH23,0.0
2008,SG_GEN_PARL,KH23,F,PT,KH23,0.0
2009,SG_GEN_PARL,KH23,F,PT,KH23,0.0
2010,SG_GEN_PARL,KH23,F,PT,KH23,0.0
2011,SG_GEN_PARL,KH23,F,PT,KH23,0.0
2012,SG_GEN_PARL,KH23,F,PT,KH23,0.0
2013,SG_GEN_PARL,KH23,F,PT,KH23,0.0
2014,SG_GEN_PARL,KH23,F,PT,KH23,0.0
2015,SG_GEN_PARL,KH23,F,PT,KH23,0.0
2016,SG_GEN_PARL,KH23,F,PT,KH23,0.0
2017,SG_GEN_PARL,KH23,F,PT,KH23,0.0
2018,SG_GEN_PARL,KH23,F,PT,KH23,0.0
2019,SG_GEN_PARL,KH23,F,PT,KH23,0.0
2020,SG_GEN_PARL,KH23,F,PT,KH23,0.0
2021,SG_GEN_PARL,KH23,F,PT,KH23,0.0
1993,SG_GEN_PARL,KH21,F,PT,KH21,12.5
1994,SG_GEN_PARL,KH21,F,PT,KH21,12.5
1995,SG_GEN_PARL,KH21,F,PT,KH21,12.5
1996,SG_GEN_PARL,KH21,F,PT,KH21,12.5
1997,SG_GEN_PARL,KH21,F,PT,KH21,12.5
1998,SG_GEN_PARL,KH21,F,PT,KH21,12.5
1999,SG_GEN_PARL,KH21,F,PT,KH21,12.5
2000,SG_GEN_PARL,KH21,F,PT,KH21,12.5
2001,SG_GEN_PARL,KH21,F,PT,KH21,12.5
2002,SG_GEN_PARL,KH21,F,PT,KH21,12.5
2003,SG_GEN_PARL,KH21,F,PT,KH21,12.5
2008,SG_GEN_PARL,KH21,F,PT,KH21,25.0
2009,SG_GEN_PARL,KH21,F,PT,KH21,12.5
2010,SG_GEN_PARL,KH21,F,PT,KH21,12.5
2011,SG_GEN_PARL,KH21,F,PT,KH21,12.5
2012,SG_GEN_PARL,KH21,F,PT,KH21,12.5
2013,SG_GEN_PARL,KH21,F,PT,KH21,12.5
2014,SG_GEN_PARL,KH21,F,PT,KH21,12.5
2015,SG_GEN_PARL,KH21,F,PT,KH21,12.5
2016,SG_GEN_PARL,KH21,F,PT,KH21,12.5
2017,SG_GEN_PARL,KH21,F,PT,KH21,12.5
2018,SG_GEN_PARL,KH21,F,PT,KH21,12.5
2019,SG_GEN_PARL,KH21,F,PT,KH21,12.5
2020,SG_GEN_PARL,KH21,F,PT,KH21,12.5
2021,SG_GEN_PARL,KH21,F,PT,KH21,12.5
1993,SG_GEN_PARL,KH01,F,PT,KH01,0.0
1994,SG_GEN_PARL,KH01,F,PT,KH01,0.0
1995,SG_GEN_PARL,KH01,F,PT,KH01,0.0
1996,SG_GEN_PARL,KH01,F,PT,KH01,0.0
1997,SG_GEN_PARL,KH01,F,PT,KH01,0.0
1998,SG_GEN_PARL,KH01,F,PT,KH01,0.0
1999,SG_GEN_PARL,KH01,F,PT,KH01,0.0
2000,SG_GEN_PARL,KH01,F,PT,KH01,0.0
2001,SG_GEN_PARL,KH01,F,PT,KH01,0.0
2002,SG_GEN_PARL,KH01,F,PT,KH01,0.0
2003,SG_GEN_PARL,KH01,F,PT,KH01,0.0
2008,SG_GEN_PARL,KH01,F,PT,KH01,0.0
2009,SG_GEN_PARL,KH01,F,PT,KH01,0.0
2010,SG_GEN_PARL,KH01,F,PT,KH01,0.0
2011,SG_GEN_PARL,KH01,F,PT,KH01,0.0
2012,SG_GEN_PARL,KH01,F,PT,KH01,0.0
2013,SG_GEN_PARL,KH01,F,PT,KH01,0.0
2014,SG_GEN_PARL,KH01,F,PT,KH01,16.67
2015,SG_GEN_PARL,KH01,F,PT,KH01,16.67
2016,SG_GEN_PARL,KH01,F,PT,KH01,16.67
2017,SG_GEN_PARL,KH01,F,PT,KH01,16.67
2018,SG_GEN_PARL,KH01,F,PT,KH01,16.67
2019,SG_GEN_PARL,KH01,F,PT,KH01,16.67
2020,SG_GEN_PARL,KH01,F,PT,KH01,16.67
2021,SG_GEN_PARL,KH01,F,PT,KH01,16.67
1993,SG_GEN_PARL,KH15,F,PT,KH15,0.0
1994,SG_GEN_PARL,KH15,F,PT,KH15,0.0
1995,SG_GEN_PARL,KH15,F,PT,KH15,0.0
1996,SG_GEN_PARL,KH15,F,PT,KH15,0.0
1997,SG_GEN_PARL,KH15,F,PT,KH15,0.0
1998,SG_GEN_PARL,KH15,F,PT,KH15,0.0
1999,SG_GEN_PARL,KH15,F,PT,KH15,0.0
2000,SG_GEN_PARL,KH15,F,PT,KH15,0.0
2001,SG_GEN_PARL,KH15,F,PT,KH15,0.0
2002,SG_GEN_PARL,KH15,F,PT,KH15,0.0
2003,SG_GEN_PARL,KH15,F,PT,KH15,0.0
2008,SG_GEN_PARL,KH15,F,PT,KH15,25.0
2009,SG_GEN_PARL,KH15,F,PT,KH15,25.0
2010,SG_GEN_PARL,KH15,F,PT,KH15,25.0
2011,SG_GEN_PARL,KH15,F,PT,KH15,25.0
2012,SG_GEN_PARL,KH15,F,PT,KH15,25.0
2013,SG_GEN_PARL,KH15,F,PT,KH15,25.0
2014,SG_GEN_PARL,KH15,F,PT,KH15,25.0
2015,SG_GEN_PARL,KH15,F,PT,KH15,25.0
2016,SG_GEN_PARL,KH15,F,PT,KH15,25.0
2017,SG_GEN_PARL,KH15,F,PT,KH15,25.0
2018,SG_GEN_PARL,KH15,F,PT,KH15,25.0
2019,SG_GEN_PARL,KH15,F,PT,KH15,25.0
2020,SG_GEN_PARL,KH15,F,PT,KH15,25.0
2021,SG_GEN_PARL,KH15,F,PT,KH15,25.0
1993,SG_GEN_PARL,KH13,F,PT,KH13,0.0
1994,SG_GEN_PARL,KH13,F,PT,KH13,0.0
1995,SG_GEN_PARL,KH13,F,PT,KH13,0.0
1996,SG_GEN_PARL,KH13,F,PT,KH13,0.0
1997,SG_GEN_PARL,KH13,F,PT,KH13,0.0
1998,SG_GEN_PARL,KH13,F,PT,KH13,0.0
1999,SG_GEN_PARL,KH13,F,PT,KH13,0.0
2000,SG_GEN_PARL,KH13,F,PT,KH13,0.0
2001,SG_GEN_PARL,KH13,F,PT,KH13,0.0
2002,SG_GEN_PARL,KH13,F,PT,KH13,0.0
2003,SG_GEN_PARL,KH13,F,PT,KH13,0.0
2008,SG_GEN_PARL,KH13,F,PT,KH13,0.0
2009,SG_GEN_PARL,KH13,F,PT,KH13,0.0
2010,SG_GEN_PARL,KH13,F,PT,KH13,0.0
2011,SG_GEN_PARL,KH13,F,PT,KH13,0.0
2012,SG_GEN_PARL,KH13,F,PT,KH13,0.0
2013,SG_GEN_PARL,KH13,F,PT,KH13,0.0
2014,SG_GEN_PARL,KH13,F,PT,KH13,0.0
2015,SG_GEN_PARL,KH13,F,PT,KH13,0.0
2016,SG_GEN_PARL,KH13,F,PT,KH13,0.0
2017,SG_GEN_PARL,KH13,F,PT,KH13,0.0
2018,SG_GEN_PARL,KH13,F,PT,KH13,0.0
2019,SG_GEN_PARL,KH13,F,PT,KH13,0.0
2020,SG_GEN_PARL,KH13,F,PT,KH13,0.0
2021,SG_GEN_PARL,KH13,F,PT,KH13,0.0
1993,SG_GEN_PARL,KH06,F,PT,KH06,0.0
1994,SG_GEN_PARL,KH06,F,PT,KH06,0.0
1995,SG_GEN_PARL,KH06,F,PT,KH06,0.0
1996,SG_GEN_PARL,KH06,F,PT,KH06,0.0
1997,SG_GEN_PARL,KH06,F,PT,KH06,0.0
1998,SG_GEN_PARL,KH06,F,PT,KH06,0.0
1999,SG_GEN_PARL,KH06,F,PT,KH06,0.0
2000,SG_GEN_PARL,KH06,F,PT,KH06,0.0
2001,SG_GEN_PARL,KH06,F,PT,KH06,0.0
2002,SG_GEN_PARL,KH06,F,PT,KH06,0.0
2003,SG_GEN_PARL,KH06,F,PT,KH06,0.0
2008,SG_GEN_PARL,KH06,F,PT,KH06,0.0
2009,SG_GEN_PARL,KH06,F,PT,KH06,0.0
2010,SG_GEN_PARL,KH06,F,PT,KH06,0.0
2011,SG_GEN_PARL,KH06,F,PT,KH06,0.0
2012,SG_GEN_PARL,KH06,F,PT,KH06,0.0
2013,SG_GEN_PARL,KH06,F,PT,KH06,0.0
2014,SG_GEN_PARL,KH06,F,PT,KH06,0.0
2015,SG_GEN_PARL,KH06,F,PT,KH06,0.0
2016,SG_GEN_PARL,KH06,F,PT,KH06,0.0
2017,SG_GEN_PARL,KH06,F,PT,KH06,0.0
2018,SG_GEN_PARL,KH06,F,PT,KH06,0.0
2019,SG_GEN_PARL,KH06,F,PT,KH06,0.0
2020,SG_GEN_PARL,KH06,F,PT,KH06,0.0
2021,SG_GEN_PARL,KH06,F,PT,KH06,0.0
1993,SG_GEN_PARL,KH18,F,PT,KH18,0.0
1994,SG_GEN_PARL,KH18,F,PT,KH18,0.0
1995,SG_GEN_PARL,KH18,F,PT,KH18,0.0
1996,SG_GEN_PARL,KH18,F,PT,KH18,0.0
1997,SG_GEN_PARL,KH18,F,PT,KH18,0.0
1998,SG_GEN_PARL,KH18,F,PT,KH18,0.0
1999,SG_GEN_PARL,KH18,F,PT,KH18,0.0
2000,SG_GEN_PARL,KH18,F,PT,KH18,0.0
2001,SG_GEN_PARL,KH18,F,PT,KH18,0.0
2002,SG_GEN_PARL,KH18,F,PT,KH18,0.0
2003,SG_GEN_PARL,KH18,F,PT,KH18,0.0
2008,SG_GEN_PARL,KH18,F,PT,KH18,0.0
2009,SG_GEN_PARL,KH18,F,PT,KH18,0.0
2010,SG_GEN_PARL,KH18,F,PT,KH18,0.0
2011,SG_GEN_PARL,KH18,F,PT,KH18,0.0
2012,SG_GEN_PARL,KH18,F,PT,KH18,0.0
2013,SG_GEN_PARL,KH18,F,PT,KH18,0.0
2014,SG_GEN_PARL,KH18,F,PT,KH18,0.0
2015,SG_GEN_PARL,KH18,F,PT,KH18,0.0
2016,SG_GEN_PARL,KH18,F,PT,KH18,0.0
2017,SG_GEN_PARL,KH18,F,PT,KH18,0.0
2018,SG_GEN_PARL,KH18,F,PT,KH18,0.0
2019,SG_GEN_PARL,KH18,F,PT,KH18,0.0
2020,SG_GEN_PARL,KH18,F,PT,KH18,0.0
2021,SG_GEN_PARL,KH18,F,PT,KH18,0.0
1993,SG_GEN_PARL,KH04,F,PT,KH04,0.0
1994,SG_GEN_PARL,KH04,F,PT,KH04,0.0
1995,SG_GEN_PARL,KH04,F,PT,KH04,0.0
1996,SG_GEN_PARL,KH04,F,PT,KH04,0.0
1997,SG_GEN_PARL,KH04,F,PT,KH04,0.0
1998,SG_GEN_PARL,KH04,F,PT,KH04,0.0
1999,SG_GEN_PARL,KH04,F,PT,KH04,0.0
2000,SG_GEN_PARL,KH04,F,PT,KH04,0.0
2001,SG_GEN_PARL,KH04,F,PT,KH04,0.0
2002,SG_GEN_PARL,KH04,F,PT,KH04,0.0
2003,SG_GEN_PARL,KH04,F,PT,KH04,0.0
2008,SG_GEN_PARL,KH04,F,PT,KH04,25.0
2009,SG_GEN_PARL,KH04,F,PT,KH04,25.0
2010,SG_GEN_PARL,KH04,F,PT,KH04,25.0
2011,SG_GEN_PARL,KH04,F,PT,KH04,25.0
2012,SG_GEN_PARL,KH04,F,PT,KH04,25.0
2013,SG_GEN_PARL,KH04,F,PT,KH04,25.0
2014,SG_GEN_PARL,KH04,F,PT,KH04,25.0
2015,SG_GEN_PARL,KH04,F,PT,KH04,25.0
2016,SG_GEN_PARL,KH04,F,PT,KH04,25.0
2017,SG_GEN_PARL,KH04,F,PT,KH04,25.0
2018,SG_GEN_PARL,KH04,F,PT,KH04,25.0
2019,SG_GEN_PARL,KH04,F,PT,KH04,25.0
2020,SG_GEN_PARL,KH04,F,PT,KH04,25.0
2021,SG_GEN_PARL,KH04,F,PT,KH04,25.0
1993,SG_GEN_PARL,KH07,F,PT,KH07,16.67
1994,SG_GEN_PARL,KH07,F,PT,KH07,16.67
1995,SG_GEN_PARL,KH07,F,PT,KH07,16.67
1996,SG_GEN_PARL,KH07,F,PT,KH07,16.67
1997,SG_GEN_PARL,KH07,F,PT,KH07,16.67
1998,SG_GEN_PARL,KH07,F,PT,KH07,16.67
1999,SG_GEN_PARL,KH07,F,PT,KH07,16.67
2000,SG_GEN_PARL,KH07,F,PT,KH07,16.67
2001,SG_GEN_PARL,KH07,F,PT,KH07,16.67
2002,SG_GEN_PARL,KH07,F,PT,KH07,16.67
2003,SG_GEN_PARL,KH07,F,PT,KH07,16.67
2008,SG_GEN_PARL,KH07,F,PT,KH07,33.33
2009,SG_GEN_PARL,KH07,F,PT,KH07,33.33
2010,SG_GEN_PARL,KH07,F,PT,KH07,33.33
2011,SG_GEN_PARL,KH07,F,PT,KH07,33.33
2012,SG_GEN_PARL,KH07,F,PT,KH07,33.33
2013,SG_GEN_PARL,KH07,F,PT,KH07,33.33
2014,SG_GEN_PARL,KH07,F,PT,KH07,16.67
2015,SG_GEN_PARL,KH07,F,PT,KH07,16.67
2016,SG_GEN_PARL,KH07,F,PT,KH07,16.67
2017,SG_GEN_PARL,KH07,F,PT,KH07,16.67
2018,SG_GEN_PARL,KH07,F,PT,KH07,16.67
2019,SG_GEN_PARL,KH07,F,PT,KH07,16.67
2020,SG_GEN_PARL,KH07,F,PT,KH07,16.67
2021,SG_GEN_PARL,KH07,F,PT,KH07,16.67
1993,SG_GEN_PARL,KH03,F,PT,KH03,0.0
1994,SG_GEN_PARL,KH03,F,PT,KH03,0.0
1995,SG_GEN_PARL,KH03,F,PT,KH03,0.0
1996,SG_GEN_PARL,KH03,F,PT,KH03,0.0
1997,SG_GEN_PARL,KH03,F,PT,KH03,0.0
1998,SG_GEN_PARL,KH03,F,PT,KH03,11.11
1999,SG_GEN_PARL,KH03,F,PT,KH03,11.11
2000,SG_GEN_PARL,KH03,F,PT,KH03,11.11
2001,SG_GEN_PARL,KH03,F,PT,KH03,11.11
2002,SG_GEN_PARL,KH03,F,PT,KH03,11.11
2003,SG_GEN_PARL,KH03,F,PT,KH03,11.11
2008,SG_GEN_PARL,KH03,F,PT,KH03,16.67
2009,SG_GEN_PARL,KH03,F,PT,KH03,22.22
2010,SG_GEN_PARL,KH03,F,PT,KH03,22.22
2011,SG_GEN_PARL,KH03,F,PT,KH03,22.22
2012,SG_GEN_PARL,KH03,F,PT,KH03,22.22
2013,SG_GEN_PARL,KH03,F,PT,KH03,22.22
2014,SG_GEN_PARL,KH03,F,PT,KH03,5.56
2015,SG_GEN_PARL,KH03,F,PT,KH03,5.56
2016,SG_GEN_PARL,KH03,F,PT,KH03,5.56
2017,SG_GEN_PARL,KH03,F,PT,KH03,5.56
2018,SG_GEN_PARL,KH03,F,PT,KH03,0.0
2019,SG_GEN_PARL,KH03,F,PT,KH03,0.0
2020,SG_GEN_PARL,KH03,F,PT,KH03,0.0
2021,SG_GEN_PARL,KH03,F,PT,KH03,0.0
2018,SG_GEN_PARL,KH25,F,PT,KH25,0.0
2019,SG_GEN_PARL,KH25,F,PT,KH25,0.0
2020,SG_GEN_PARL,KH25,F,PT,KH25,0.0
2021,SG_GEN_PARL,KH25,F,PT,KH25,0.0
1993,SG_GEN_PARL,KH08,F,PT,KH08,0.0
1994,SG_GEN_PARL,KH08,F,PT,KH08,0.0
1995,SG_GEN_PARL,KH08,F,PT,KH08,0.0
1996,SG_GEN_PARL,KH08,F,PT,KH08,0.0
1997,SG_GEN_PARL,KH08,F,PT,KH08,0.0
1998,SG_GEN_PARL,KH08,F,PT,KH08,18.18
1999,SG_GEN_PARL,KH08,F,PT,KH08,18.18
2000,SG_GEN_PARL,KH08,F,PT,KH08,18.18
2001,SG_GEN_PARL,KH08,F,PT,KH08,18.18
2002,SG_GEN_PARL,KH08,F,PT,KH08,18.18
2003,SG_GEN_PARL,KH08,F,PT,KH08,18.18
2008,SG_GEN_PARL,KH08,F,PT,KH08,27.27
2009,SG_GEN_PARL,KH08,F,PT,KH08,27.27
2010,SG_GEN_PARL,KH08,F,PT,KH08,27.27
2011,SG_GEN_PARL,KH08,F,PT,KH08,27.27
2012,SG_GEN_PARL,KH08,F,PT,KH08,27.27
2013,SG_GEN_PARL,KH08,F,PT,KH08,27.27
2014,SG_GEN_PARL,KH08,F,PT,KH08,18.18
2015,SG_GEN_PARL,KH08,F,PT,KH08,18.18
2016,SG_GEN_PARL,KH08,F,PT,KH08,18.18
2017,SG_GEN_PARL,KH08,F,PT,KH08,18.18
2018,SG_GEN_PARL,KH08,F,PT,KH08,9.09
2019,SG_GEN_PARL,KH08,F,PT,KH08,9.09
2020,SG_GEN_PARL,KH08,F,PT,KH08,9.09
2021,SG_GEN_PARL,KH08,F,PT,KH08,9.09
2008,SG_GEN_PARL,KH22,F,PT,KH22,0.0
2009,SG_GEN_PARL,KH22,F,PT,KH22,0.0
2010,SG_GEN_PARL,KH22,F,PT,KH22,0.0
2011,SG_GEN_PARL,KH22,F,PT,KH22,0.0
2012,SG_GEN_PARL,KH22,F,PT,KH22,0.0
2013,SG_GEN_PARL,KH22,F,PT,KH22,0.0
2014,SG_GEN_PARL,KH22,F,PT,KH22,0.0
2015,SG_GEN_PARL,KH22,F,PT,KH22,0.0
2016,SG_GEN_PARL,KH22,F,PT,KH22,0.0
2017,SG_GEN_PARL,KH22,F,PT,KH22,0.0
2018,SG_GEN_PARL,KH22,F,PT,KH22,0.0
2019,SG_GEN_PARL,KH22,F,PT,KH22,0.0
2020,SG_GEN_PARL,KH22,F,PT,KH22,0.0
2021,SG_GEN_PARL,KH22,F,PT,KH22,0.0
1993,SG_GEN_PARL,KH16,F,PT,KH16,0.0
1994,SG_GEN_PARL,KH16,F,PT,KH16,0.0
1995,SG_GEN_PARL,KH16,F,PT,KH16,0.0
1996,SG_GEN_PARL,KH16,F,PT,KH16,0.0
1997,SG_GEN_PARL,KH16,F,PT,KH16,0.0
1998,SG_GEN_PARL,KH16,F,PT,KH16,0.0
1999,SG_GEN_PARL,KH16,F,PT,KH16,0.0
2000,SG_GEN_PARL,KH16,F,PT,KH16,0.0
2001,SG_GEN_PARL,KH16,F,PT,KH16,0.0
2002,SG_GEN_PARL,KH16,F,PT,KH16,0.0
2003,SG_GEN_PARL,KH16,F,PT,KH16,0.0
2008,SG_GEN_PARL,KH16,F,PT,KH16,0.0
2009,SG_GEN_PARL,KH16,F,PT,KH16,0.0
2010,SG_GEN_PARL,KH16,F,PT,KH16,0.0
2011,SG_GEN_PARL,KH16,F,PT,KH16,0.0
2012,SG_GEN_PARL,KH16,F,PT,KH16,0.0
2013,SG_GEN_PARL,KH16,F,PT,KH16,0.0
2014,SG_GEN_PARL,KH16,F,PT,KH16,0.0
2015,SG_GEN_PARL,KH16,F,PT,KH16,0.0
2016,SG_GEN_PARL,KH16,F,PT,KH16,0.0
2017,SG_GEN_PARL,KH16,F,PT,KH16,0.0
2018,SG_GEN_PARL,KH16,F,PT,KH16,0.0
2019,SG_GEN_PARL,KH16,F,PT,KH16,0.0
2020,SG_GEN_PARL,KH16,F,PT,KH16,0.0
2021,SG_GEN_PARL,KH16,F,PT,KH16,0.0
1993,SG_GEN_PARL,KH02,F,PT,KH02,12.5
1994,SG_GEN_PARL,KH02,F,PT,KH02,12.5
1995,SG_GEN_PARL,KH02,F,PT,KH02,12.5
1996,SG_GEN_PARL,KH02,F,PT,KH02,12.5
1997,SG_GEN_PARL,KH02,F,PT,KH02,12.5
1998,SG_GEN_PARL,KH02,F,PT,KH02,25.0
1999,SG_GEN_PARL,KH02,F,PT,KH02,25.0
2000,SG_GEN_PARL,KH02,F,PT,KH02,25.0
2001,SG_GEN_PARL,KH02,F,PT,KH02,25.0
2002,SG_GEN_PARL,KH02,F,PT,KH02,25.0
2003,SG_GEN_PARL,KH02,F,PT,KH02,25.0
2008,SG_GEN_PARL,KH02,F,PT,KH02,25.0
2009,SG_GEN_PARL,KH02,F,PT,KH02,25.0
2010,SG_GEN_PARL,KH02,F,PT,KH02,25.0
2011,SG_GEN_PARL,KH02,F,PT,KH02,25.0
2012,SG_GEN_PARL,KH02,F,PT,KH02,25.0
2013,SG_GEN_PARL,KH02,F,PT,KH02,25.0
2014,SG_GEN_PARL,KH02,F,PT,KH02,12.5
2015,SG_GEN_PARL,KH02,F,PT,KH02,12.5
2016,SG_GEN_PARL,KH02,F,PT,KH02,12.5
2017,SG_GEN_PARL,KH02,F,PT,KH02,12.5
2018,SG_GEN_PARL,KH02,F,PT,KH02,12.5
2019,SG_GEN_PARL,KH02,F,PT,KH02,12.5
2020,SG_GEN_PARL,KH02,F,PT,KH02,12.5
2021,SG_GEN_PARL,KH02,F,PT,KH02,12.5
1993,SG_GEN_PARL,KH14,F,PT,KH14,0.0
1994,SG_GEN_PARL,KH14,F,PT,KH14,0.0
1995,SG_GEN_PARL,KH14,F,PT,KH14,0.0
1996,SG_GEN_PARL,KH14,F,PT,KH14,0.0
1997,SG_GEN_PARL,KH14,F,PT,KH14,0.0
1998,SG_GEN_PARL,KH14,F,PT,KH14,0.0
1999,SG_GEN_PARL,KH14,F,PT,KH14,0.0
2000,SG_GEN_PARL,KH14,F,PT,KH14,0.0
2001,SG_GEN_PARL,KH14,F,PT,KH14,0.0
2002,SG_GEN_PARL,KH14,F,PT,KH14,0.0
2003,SG_GEN_PARL,KH14,F,PT,KH14,0.0
2008,SG_GEN_PARL,KH14,F,PT,KH14,0.0
2009,SG_GEN_PARL,KH14,F,PT,KH14,0.0
2010,SG_GEN_PARL,KH14,F,PT,KH14,0.0
2011,SG_GEN_PARL,KH14,F,PT,KH14,9.09
2012,SG_GEN_PARL,KH14,F,PT,KH14,9.09
2013,SG_GEN_PARL,KH14,F,PT,KH14,9.09
2014,SG_GEN_PARL,KH14,F,PT,KH14,0.0
2015,SG_GEN_PARL,KH14,F,PT,KH14,0.0
2016,SG_GEN_PARL,KH14,F,PT,KH14,0.0
2017,SG_GEN_PARL,KH14,F,PT,KH14,0.0
2018,SG_GEN_PARL,KH14,F,PT,KH14,9.09
2019,SG_GEN_PARL,KH14,F,PT,KH14,9.09
2020,SG_GEN_PARL,KH14,F,PT,KH14,9.09
2021,SG_GEN_PARL,KH14,F,PT,KH14,9.09
1993,SG_GEN_PARL,KH12,F,PT,KH12,16.67
1994,SG_GEN_PARL,KH12,F,PT,KH12,8.33
1995,SG_GEN_PARL,KH12,F,PT,KH12,8.33
1996,SG_GEN_PARL,KH12,F,PT,KH12,8.33
1997,SG_GEN_PARL,KH12,F,PT,KH12,8.33
1998,SG_GEN_PARL,KH12,F,PT,KH12,8.33
1999,SG_GEN_PARL,KH12,F,PT,KH12,8.33
2000,SG_GEN_PARL,KH12,F,PT,KH12,8.33
2001,SG_GEN_PARL,KH12,F,PT,KH12,8.33
2002,SG_GEN_PARL,KH12,F,PT,KH12,8.33
2003,SG_GEN_PARL,KH12,F,PT,KH12,8.33
2008,SG_GEN_PARL,KH12,F,PT,KH12,33.33
2009,SG_GEN_PARL,KH12,F,PT,KH12,33.33
2010,SG_GEN_PARL,KH12,F,PT,KH12,33.33
2011,SG_GEN_PARL,KH12,F,PT,KH12,33.33
2012,SG_GEN_PARL,KH12,F,PT,KH12,33.33
2013,SG_GEN_PARL,KH12,F,PT,KH12,33.33
2014,SG_GEN_PARL,KH12,F,PT,KH12,25.0
2015,SG_GEN_PARL,KH12,F,PT,KH12,25.0
2016,SG_GEN_PARL,KH12,F,PT,KH12,25.0
2017,SG_GEN_PARL,KH12,F,PT,KH12,25.0
2018,SG_GEN_PARL,KH12,F,PT,KH12,25.0
2019,SG_GEN_PARL,KH12,F,PT,KH12,25.0
2020,SG_GEN_PARL,KH12,F,PT,KH12,25.0
2021,SG_GEN_PARL,KH12,F,PT,KH12,25.0
1993,SG_GEN_PARL,KH20,F,PT,KH20,20.0
1994,SG_GEN_PARL,KH20,F,PT,KH20,20.0
1995,SG_GEN_PARL,KH20,F,PT,KH20,20.0
1996,SG_GEN_PARL,KH20,F,PT,KH20,20.0
1997,SG_GEN_PARL,KH20,F,PT,KH20,20.0
1998,SG_GEN_PARL,KH20,F,PT,KH20,40.0
1999,SG_GEN_PARL,KH20,F,PT,KH20,40.0
2000,SG_GEN_PARL,KH20,F,PT,KH20,40.0
2001,SG_GEN_PARL,KH20,F,PT,KH20,40.0
2002,SG_GEN_PARL,KH20,F,PT,KH20,40.0
2003,SG_GEN_PARL,KH20,F,PT,KH20,40.0
2008,SG_GEN_PARL,KH20,F,PT,KH20,60.0
2009,SG_GEN_PARL,KH20,F,PT,KH20,60.0
2010,SG_GEN_PARL,KH20,F,PT,KH20,60.0
2011,SG_GEN_PARL,KH20,F,PT,KH20,60.0
2012,SG_GEN_PARL,KH20,F,PT,KH20,60.0
2013,SG_GEN_PARL,KH20,F,PT,KH20,60.0
2014,SG_GEN_PARL,KH20,F,PT,KH20,60.0
2015,SG_GEN_PARL,KH20,F,PT,KH20,60.0
2016,SG_GEN_PARL,KH20,F,PT,KH20,60.0
2017,SG_GEN_PARL,KH20,F,PT,KH20,60.0
2018,SG_GEN_PARL,KH20,F,PT,KH20,80.0
2019,SG_GEN_PARL,KH20,F,PT,KH20,80.0
2020,SG_GEN_PARL,KH20,F,PT,KH20,80.0
2021,SG_GEN_PARL,KH20,F,PT,KH20,80.0
1993,SG_GEN_PARL,KH05,F,PT,KH05,0.0
1994,SG_GEN_PARL,KH05,F,PT,KH05,0.0
1995,SG_GEN_PARL,KH05,F,PT,KH05,0.0
1996,SG_GEN_PARL,KH05,F,PT,KH05,0.0
1997,SG_GEN_PARL,KH05,F,PT,KH05,0.0
1998,SG_GEN_PARL,KH05,F,PT,KH05,0.0
1999,SG_GEN_PARL,KH05,F,PT,KH05,0.0
2000,SG_GEN_PARL,KH05,F,PT,KH05,0.0
2001,SG_GEN_PARL,KH05,F,PT,KH05,0.0
2002,SG_GEN_PARL,KH05,F,PT,KH05,0.0
2003,SG_GEN_PARL,KH05,F,PT,KH05,0.0
2008,SG_GEN_PARL,KH05,F,PT,KH05,16.67
2009,SG_GEN_PARL,KH05,F,PT,KH05,16.67
2010,SG_GEN_PARL,KH05,F,PT,KH05,16.67
2011,SG_GEN_PARL,KH05,F,PT,KH05,16.67
2012,SG_GEN_PARL,KH05,F,PT,KH05,16.67
2013,SG_GEN_PARL,KH05,F,PT,KH05,16.67
2014,SG_GEN_PARL,KH05,F,PT,KH05,0.0
2015,SG_GEN_PARL,KH05,F,PT,KH05,0.0
2016,SG_GEN_PARL,KH05,F,PT,KH05,0.0
2017,SG_GEN_PARL,KH05,F,PT,KH05,0.0
2018,SG_GEN_PARL,KH05,F,PT,KH05,16.67
2019,SG_GEN_PARL,KH05,F,PT,KH05,16.67
2020,SG_GEN_PARL,KH05,F,PT,KH05,16.67
2021,SG_GEN_PARL,KH05,F,PT,KH05,16.67
1993,SG_GEN_PARL,KH09,F,PT,KH09,0.0
1994,SG_GEN_PARL,KH09,F,PT,KH09,0.0
1995,SG_GEN_PARL,KH09,F,PT,KH09,0.0
1996,SG_GEN_PARL,KH09,F,PT,KH09,0.0
1997,SG_GEN_PARL,KH09,F,PT,KH09,0.0
1998,SG_GEN_PARL,KH09,F,PT,KH09,0.0
1999,SG_GEN_PARL,KH09,F,PT,KH09,0.0
2000,SG_GEN_PARL,KH09,F,PT,KH09,0.0
2001,SG_GEN_PARL,KH09,F,PT,KH09,0.0
2002,SG_GEN_PARL,KH09,F,PT,KH09,0.0
2003,SG_GEN_PARL,KH09,F,PT,KH09,0.0
2008,SG_GEN_PARL,KH09,F,PT,KH09,0.0
2009,SG_GEN_PARL,KH09,F,PT,KH09,0.0
2010,SG_GEN_PARL,KH09,F,PT,KH09,0.0
2011,SG_GEN_PARL,KH09,F,PT,KH09,0.0
2012,SG_GEN_PARL,KH09,F,PT,KH09,0.0
2013,SG_GEN_PARL,KH09,F,PT,KH09,0.0
2014,SG_GEN_PARL,KH09,F,PT,KH09,0.0
2015,SG_GEN_PARL,KH09,F,PT,KH09,0.0
2016,SG_GEN_PARL,KH09,F,PT,KH09,0.0
2017,SG_GEN_PARL,KH09,F,PT,KH09,0.0
2018,SG_GEN_PARL,KH09,F,PT,KH09,0.0
2019,SG_GEN_PARL,KH09,F,PT,KH09,0.0
2020,SG_GEN_PARL,KH09,F,PT,KH09,0.0
2021,SG_GEN_PARL,KH09,F,PT,KH09,0.0
